Datetime,Open,High,Low,Close,Adj Close,Volume
2022-08-25 04:00:00-04:00,169.02,169.8,168.61,169.52,169.52,0
2022-08-25 04:01:00-04:00,169.52,169.69,169.52,169.69,169.69,0
2022-08-25 04:02:00-04:00,169.5,169.52,169.4,169.44,169.44,0
2022-08-25 04:03:00-04:00,169.44,169.44,169.39,169.4,169.4,0
2022-08-25 04:04:00-04:00,169.35,169.37,169.32,169.32,169.32,0
2022-08-25 04:05:00-04:00,169.32,169.48,169.32,169.45,169.45,0
2022-08-25 04:06:00-04:00,169.42,169.45,169.4,169.44,169.44,0
2022-08-25 04:07:00-04:00,169.44,169.44,169.43,169.44,169.44,0
2022-08-25 04:08:00-04:00,169.43,169.49,169.41,169.46,169.46,0
2022-08-25 04:09:00-04:00,169.45,169.46,169.34,169.44,169.44,0
2022-08-25 04:10:00-04:00,169.44,169.46,169.32,169.32,169.32,0
2022-08-25 04:11:00-04:00,169.35,169.42,169.26,169.39,169.39,0
2022-08-25 04:12:00-04:00,169.39,169.39,169.34,169.38,169.38,0
2022-08-25 04:13:00-04:00,169.38,169.4,169.3,169.33,169.33,0
2022-08-25 04:14:00-04:00,169.38,169.41,169.35,169.37,169.37,0
2022-08-25 04:15:00-04:00,169.37,169.38,169.29,169.29,169.29,0
2022-08-25 04:16:00-04:00,169.29,169.29,169.22,169.24,169.24,0
2022-08-25 04:17:00-04:00,169.24,169.31,169.24,169.3,169.3,0
2022-08-25 04:18:00-04:00,169.3,169.32,169.25,169.32,169.32,0
2022-08-25 04:19:00-04:00,169.33,169.35,169.25,169.26,169.26,0
2022-08-25 04:20:00-04:00,169.26,169.34,169.26,169.34,169.34,0
2022-08-25 04:21:00-04:00,169.31,169.39,169.31,169.39,169.39,0
2022-08-25 04:22:00-04:00,169.4,169.4,169.34,169.38,169.38,0
2022-08-25 04:23:00-04:00,169.32,169.4,169.32,169.39,169.39,0
2022-08-25 04:24:00-04:00,169.35,169.35,169.3,169.3,169.3,0
2022-08-25 04:25:00-04:00,169.3,169.32,169.26,169.28,169.28,0
2022-08-25 04:26:00-04:00,169.29,169.29,169.24,169.29,169.29,0
2022-08-25 04:27:00-04:00,169.29,169.3,169.24,169.3,169.3,0
2022-08-25 04:28:00-04:00,169.24,169.29,169.22,169.22,169.22,0
2022-08-25 04:29:00-04:00,169.25,169.29,169.22,169.24,169.24,0
2022-08-25 04:30:00-04:00,169.23,169.28,169.2,169.28,169.28,0
2022-08-25 04:31:00-04:00,169.28,169.3,169.28,169.29,169.29,0
2022-08-25 04:32:00-04:00,169.3,169.31,169.28,169.3,169.3,0
2022-08-25 04:33:00-04:00,169.32,169.32,169.3,169.32,169.32,0
2022-08-25 04:34:00-04:00,169.33,169.38,169.33,169.38,169.38,0
2022-08-25 04:35:00-04:00,169.37,169.38,169.37,169.37,169.37,0
2022-08-25 04:36:00-04:00,169.37,169.39,169.32,169.35,169.35,0
2022-08-25 04:37:00-04:00,169.38,169.39,169.34,169.37,169.37,0
2022-08-25 04:38:00-04:00,169.37,169.39,169.37,169.39,169.39,0
2022-08-25 04:39:00-04:00,169.39,169.39,169.38,169.39,169.39,0
2022-08-25 04:40:00-04:00,169.38,169.4,169.37,169.39,169.39,0
2022-08-25 04:41:00-04:00,169.39,169.42,169.39,169.42,169.42,0
2022-08-25 04:42:00-04:00,169.4,169.43,169.4,169.42,169.42,0
2022-08-25 04:43:00-04:00,169.45,169.47,169.43,169.43,169.43,0
2022-08-25 04:44:00-04:00,169.45,169.47,169.4,169.46,169.46,0
2022-08-25 04:45:00-04:00,169.46,169.46,169.44,169.44,169.44,0
2022-08-25 04:46:00-04:00,169.43,169.44,169.41,169.44,169.44,0
2022-08-25 04:47:00-04:00,169.41,169.43,169.39,169.39,169.39,0
2022-08-25 04:48:00-04:00,169.38,169.38,169.37,169.37,169.37,0
2022-08-25 04:49:00-04:00,169.37,169.38,169.37,169.38,169.38,0
2022-08-25 04:50:00-04:00,169.38,169.38,169.35,169.35,169.35,0
2022-08-25 04:51:00-04:00,169.35,169.35,169.34,169.34,169.34,0
2022-08-25 04:52:00-04:00,169.33,169.34,169.27,169.3,169.3,0
2022-08-25 04:53:00-04:00,169.28,169.31,169.28,169.3,169.3,0
2022-08-25 04:54:00-04:00,169.3,169.33,169.3,169.33,169.33,0
2022-08-25 04:56:00-04:00,169.38,169.38,169.32,169.32,169.32,0
2022-08-25 04:57:00-04:00,169.32,169.37,169.32,169.32,169.32,0
2022-08-25 04:58:00-04:00,169.32,169.37,169.32,169.37,169.37,0
2022-08-25 04:59:00-04:00,169.37,169.37,169.32,169.37,169.37,0
2022-08-25 05:00:00-04:00,169.35,169.37,169.3,169.3,169.3,0
2022-08-25 05:01:00-04:00,169.3,169.3,169.27,169.3,169.3,0
2022-08-25 05:02:00-04:00,169.3,169.38,169.28,169.33,169.33,0
2022-08-25 05:03:00-04:00,169.33,169.33,169.27,169.27,169.27,0
2022-08-25 05:04:00-04:00,169.28,169.28,169.23,169.25,169.25,0
2022-08-25 05:05:00-04:00,169.22,169.22,169.22,169.22,169.22,0
2022-08-25 05:06:00-04:00,169.25,169.29,169.25,169.25,169.25,0
2022-08-25 05:07:00-04:00,169.28,169.28,169.24,169.24,169.24,0
2022-08-25 05:08:00-04:00,169.24,169.28,169.24,169.28,169.28,0
2022-08-25 05:09:00-04:00,169.29,169.29,169.24,169.24,169.24,0
2022-08-25 05:10:00-04:00,169.27,169.28,169.26,169.28,169.28,0
2022-08-25 05:11:00-04:00,169.28,169.28,169.2,169.2,169.2,0
2022-08-25 05:12:00-04:00,169.22,169.22,169.21,169.21,169.21,0
2022-08-25 05:13:00-04:00,169.21,169.22,169.21,169.21,169.21,0
2022-08-25 05:14:00-04:00,169.21,169.27,169.21,169.27,169.27,0
2022-08-25 05:15:00-04:00,169.27,169.35,169.27,169.27,169.27,0
2022-08-25 05:16:00-04:00,169.26,169.32,169.13,169.21,169.21,0
2022-08-25 05:17:00-04:00,169.2,169.2,168.85,168.85,168.85,0
2022-08-25 05:18:00-04:00,168.85,168.89,168.83,168.89,168.89,0
2022-08-25 05:19:00-04:00,168.91,168.95,168.82,168.87,168.87,0
2022-08-25 05:20:00-04:00,168.86,168.96,168.86,168.96,168.96,0
2022-08-25 05:21:00-04:00,168.96,168.96,168.85,168.96,168.96,0
2022-08-25 05:22:00-04:00,168.83,168.99,168.83,168.96,168.96,0
2022-08-25 05:23:00-04:00,168.85,168.99,168.85,168.99,168.99,0
2022-08-25 05:24:00-04:00,168.98,168.98,168.98,168.98,168.98,0
2022-08-25 05:25:00-04:00,168.97,168.97,168.75,168.75,168.75,0
2022-08-25 05:26:00-04:00,168.75,168.89,168.7,168.7,168.7,0
2022-08-25 05:27:00-04:00,168.73,168.73,168.73,168.73,168.73,0
2022-08-25 05:28:00-04:00,168.9,168.9,168.9,168.9,168.9,0
2022-08-25 05:29:00-04:00,168.9,168.91,168.88,168.88,168.88,0
2022-08-25 05:30:00-04:00,168.89,168.89,168.85,168.85,168.85,0
2022-08-25 05:31:00-04:00,168.84,168.9,168.7,168.7,168.7,0
2022-08-25 05:32:00-04:00,168.86,168.86,168.82,168.82,168.82,0
2022-08-25 05:33:00-04:00,168.82,168.86,168.82,168.82,168.82,0
2022-08-25 05:34:00-04:00,168.82,168.9,168.82,168.9,168.9,0
2022-08-25 05:35:00-04:00,168.88,168.9,168.82,168.86,168.86,0
2022-08-25 05:36:00-04:00,168.87,168.88,168.86,168.86,168.86,0
2022-08-25 05:37:00-04:00,168.86,168.86,168.7,168.79,168.79,0
2022-08-25 05:38:00-04:00,168.79,168.8,168.79,168.79,168.79,0
2022-08-25 05:39:00-04:00,168.8,168.8,168.74,168.8,168.8,0
2022-08-25 05:40:00-04:00,168.81,168.81,168.8,168.8,168.8,0
2022-08-25 05:41:00-04:00,168.8,168.82,168.72,168.72,168.72,0
2022-08-25 05:42:00-04:00,168.72,168.76,168.62,168.72,168.72,0
2022-08-25 05:43:00-04:00,168.76,168.78,168.71,168.77,168.77,0
2022-08-25 05:44:00-04:00,168.73,168.77,168.73,168.77,168.77,0
2022-08-25 05:45:00-04:00,168.77,168.77,168.76,168.77,168.77,0
2022-08-25 05:46:00-04:00,168.79,168.8,168.78,168.78,168.78,0
2022-08-25 05:47:00-04:00,168.82,168.82,168.71,168.71,168.71,0
2022-08-25 05:48:00-04:00,168.74,168.74,168.61,168.62,168.62,0
2022-08-25 05:49:00-04:00,168.68,168.68,168.58,168.68,168.68,0
2022-08-25 05:50:00-04:00,168.68,168.76,168.68,168.76,168.76,0
2022-08-25 05:51:00-04:00,168.71,168.8,168.71,168.75,168.75,0
2022-08-25 05:52:00-04:00,168.75,168.83,168.75,168.83,168.83,0
2022-08-25 05:53:00-04:00,168.79,168.8,168.71,168.71,168.71,0
2022-08-25 05:54:00-04:00,168.73,168.79,168.68,168.74,168.74,0
2022-08-25 05:55:00-04:00,168.82,168.82,168.72,168.77,168.77,0
2022-08-25 05:56:00-04:00,168.78,168.78,168.72,168.72,168.72,0
2022-08-25 05:57:00-04:00,168.78,168.8,168.78,168.8,168.8,0
2022-08-25 05:58:00-04:00,168.78,168.89,168.78,168.85,168.85,0
2022-08-25 05:59:00-04:00,168.85,168.85,168.77,168.77,168.77,0
2022-08-25 06:00:00-04:00,168.77,168.8,168.7,168.77,168.77,0
2022-08-25 06:01:00-04:00,168.76,168.76,168.68,168.7,168.7,0
2022-08-25 06:02:00-04:00,168.77,168.78,168.69,168.71,168.71,0
2022-08-25 06:03:00-04:00,168.78,168.78,168.78,168.78,168.78,0
2022-08-25 06:04:00-04:00,168.78,168.8,168.74,168.74,168.74,0
2022-08-25 06:05:00-04:00,168.75,168.75,168.72,168.72,168.72,0
2022-08-25 06:06:00-04:00,168.75,168.75,168.75,168.75,168.75,0
2022-08-25 06:07:00-04:00,168.75,168.8,168.65,168.75,168.75,0
2022-08-25 06:08:00-04:00,168.72,168.72,168.72,168.72,168.72,0
2022-08-25 06:09:00-04:00,168.71,168.75,168.71,168.75,168.75,0
2022-08-25 06:10:00-04:00,168.77,168.8,168.7,168.7,168.7,0
2022-08-25 06:11:00-04:00,168.81,168.82,168.79,168.79,168.79,0
2022-08-25 06:12:00-04:00,168.79,168.79,168.63,168.63,168.63,0
2022-08-25 06:13:00-04:00,168.79,168.79,168.79,168.79,168.79,0
2022-08-25 06:14:00-04:00,168.78,168.81,168.78,168.81,168.81,0
2022-08-25 06:16:00-04:00,168.79,168.82,168.78,168.82,168.82,0
2022-08-25 06:17:00-04:00,168.82,168.82,168.66,168.8,168.8,0
2022-08-25 06:19:00-04:00,168.79,168.79,168.71,168.71,168.71,0
2022-08-25 06:20:00-04:00,168.8,168.8,168.73,168.73,168.73,0
2022-08-25 06:21:00-04:00,168.8,168.8,168.8,168.8,168.8,0
2022-08-25 06:22:00-04:00,168.8,168.8,168.75,168.75,168.75,0
2022-08-25 06:23:00-04:00,168.76,168.8,168.76,168.78,168.78,0
2022-08-25 06:24:00-04:00,168.78,168.79,168.78,168.79,168.79,0
2022-08-25 06:25:00-04:00,168.79,168.8,168.79,168.8,168.8,0
2022-08-25 06:26:00-04:00,168.79,168.81,168.79,168.81,168.81,0
2022-08-25 06:27:00-04:00,168.8,168.81,168.8,168.81,168.81,0
2022-08-25 06:28:00-04:00,168.85,168.86,168.8,168.86,168.86,0
2022-08-25 06:29:00-04:00,168.85,168.86,168.8,168.84,168.84,0
2022-08-25 06:30:00-04:00,168.8,168.8,168.72,168.76,168.76,0
2022-08-25 06:31:00-04:00,168.77,168.78,168.77,168.78,168.78,0
2022-08-25 06:32:00-04:00,168.77,168.77,168.77,168.77,168.77,0
2022-08-25 06:33:00-04:00,168.77,168.8,168.77,168.8,168.8,0
2022-08-25 06:34:00-04:00,168.81,168.86,168.81,168.85,168.85,0
2022-08-25 06:35:00-04:00,168.84,168.88,168.82,168.84,168.84,0
2022-08-25 06:36:00-04:00,168.84,168.84,168.79,168.84,168.84,0
2022-08-25 06:37:00-04:00,168.8,168.84,168.72,168.73,168.73,0
2022-08-25 06:38:00-04:00,168.72,168.82,168.72,168.82,168.82,0
2022-08-25 06:39:00-04:00,168.81,168.82,168.77,168.82,168.82,0
2022-08-25 06:41:00-04:00,168.83,168.85,168.83,168.84,168.84,0
2022-08-25 06:42:00-04:00,168.81,168.82,168.74,168.76,168.76,0
2022-08-25 06:43:00-04:00,168.76,168.85,168.76,168.83,168.83,0
2022-08-25 06:44:00-04:00,168.82,168.84,168.8,168.84,168.84,0
2022-08-25 06:45:00-04:00,168.84,168.88,168.83,168.86,168.86,0
2022-08-25 06:46:00-04:00,168.86,168.87,168.86,168.87,168.87,0
2022-08-25 06:47:00-04:00,168.86,168.86,168.83,168.83,168.83,0
2022-08-25 06:48:00-04:00,168.82,168.82,168.78,168.79,168.79,0
2022-08-25 06:49:00-04:00,168.8,168.8,168.79,168.8,168.8,0
2022-08-25 06:50:00-04:00,168.8,168.83,168.8,168.83,168.83,0
2022-08-25 06:51:00-04:00,168.88,168.88,168.88,168.88,168.88,0
2022-08-25 06:52:00-04:00,168.87,168.87,168.82,168.85,168.85,0
2022-08-25 06:53:00-04:00,168.85,168.85,168.8,168.8,168.8,0
2022-08-25 06:54:00-04:00,168.85,168.85,168.82,168.85,168.85,0
2022-08-25 06:55:00-04:00,168.87,168.87,168.86,168.86,168.86,0
2022-08-25 06:56:00-04:00,168.87,168.87,168.85,168.85,168.85,0
2022-08-25 06:58:00-04:00,168.88,168.88,168.84,168.85,168.85,0
2022-08-25 06:59:00-04:00,168.87,168.87,168.84,168.84,168.84,0
2022-08-25 07:00:00-04:00,168.84,168.88,168.75,168.8,168.8,0
2022-08-25 07:01:00-04:00,168.83,168.83,168.78,168.79,168.79,0
2022-08-25 07:02:00-04:00,168.79,168.79,168.6,168.63,168.63,0
2022-08-25 07:03:00-04:00,168.65,168.7,168.61,168.67,168.67,0
2022-08-25 07:04:00-04:00,168.67,168.75,168.55,168.68,168.68,0
2022-08-25 07:05:00-04:00,168.72,168.72,168.68,168.69,168.69,0
2022-08-25 07:06:00-04:00,168.7,168.71,168.7,168.71,168.71,0
2022-08-25 07:07:00-04:00,168.78,168.9,168.77,168.82,168.82,0
2022-08-25 07:08:00-04:00,168.8,168.8,168.79,168.79,168.79,0
2022-08-25 07:09:00-04:00,168.77,168.78,168.76,168.78,168.78,0
2022-08-25 07:10:00-04:00,168.79,168.82,168.64,168.68,168.68,0
2022-08-25 07:11:00-04:00,168.78,168.8,168.71,168.79,168.79,0
2022-08-25 07:12:00-04:00,168.75,168.82,168.73,168.81,168.81,0
2022-08-25 07:13:00-04:00,168.8,168.82,168.79,168.82,168.82,0
2022-08-25 07:14:00-04:00,168.84,168.94,168.84,168.88,168.88,0
2022-08-25 07:15:00-04:00,168.91,168.96,168.88,168.9,168.9,0
2022-08-25 07:16:00-04:00,168.9,168.9,168.85,168.89,168.89,0
2022-08-25 07:17:00-04:00,168.86,168.88,168.84,168.84,168.84,0
2022-08-25 07:18:00-04:00,168.83,168.88,168.76,168.86,168.86,0
2022-08-25 07:19:00-04:00,168.85,168.88,168.84,168.87,168.87,0
2022-08-25 07:20:00-04:00,168.87,168.89,168.82,168.84,168.84,0
2022-08-25 07:21:00-04:00,168.83,168.86,168.81,168.82,168.82,0
2022-08-25 07:22:00-04:00,168.82,168.86,168.82,168.84,168.84,0
2022-08-25 07:23:00-04:00,168.82,168.82,168.77,168.8,168.8,0
2022-08-25 07:24:00-04:00,168.77,168.81,168.77,168.81,168.81,0
2022-08-25 07:25:00-04:00,168.84,168.86,168.81,168.86,168.86,0
2022-08-25 07:26:00-04:00,168.84,168.87,168.82,168.87,168.87,0
2022-08-25 07:27:00-04:00,168.86,168.89,168.86,168.89,168.89,0
2022-08-25 07:28:00-04:00,168.89,168.89,168.82,168.87,168.87,0
2022-08-25 07:29:00-04:00,168.87,168.94,168.86,168.91,168.91,0
2022-08-25 07:30:00-04:00,168.92,168.92,168.84,168.89,168.89,0
2022-08-25 07:31:00-04:00,168.83,168.84,168.81,168.81,168.81,0
2022-08-25 07:32:00-04:00,168.81,168.84,168.75,168.77,168.77,0
2022-08-25 07:33:00-04:00,168.78,168.88,168.78,168.84,168.84,0
2022-08-25 07:35:00-04:00,168.8,168.8,168.76,168.76,168.76,0
2022-08-25 07:36:00-04:00,168.78,168.78,168.76,168.78,168.78,0
2022-08-25 07:37:00-04:00,168.79,168.81,168.77,168.81,168.81,0
2022-08-25 07:38:00-04:00,168.8,168.82,168.8,168.82,168.82,0
2022-08-25 07:39:00-04:00,168.83,168.83,168.82,168.83,168.83,0
2022-08-25 07:40:00-04:00,168.82,168.85,168.82,168.85,168.85,0
2022-08-25 07:41:00-04:00,168.85,168.86,168.82,168.82,168.82,0
2022-08-25 07:42:00-04:00,168.82,168.85,168.8,168.85,168.85,0
2022-08-25 07:43:00-04:00,168.8,168.8,168.77,168.78,168.78,0
2022-08-25 07:44:00-04:00,168.79,168.8,168.77,168.77,168.77,0
2022-08-25 07:45:00-04:00,168.78,168.81,168.69,168.73,168.73,0
2022-08-25 07:46:00-04:00,168.72,168.72,168.67,168.69,168.69,0
2022-08-25 07:47:00-04:00,168.67,168.71,168.67,168.68,168.68,0
2022-08-25 07:48:00-04:00,168.68,168.7,168.68,168.7,168.7,0
2022-08-25 07:49:00-04:00,168.7,168.74,168.7,168.71,168.71,0
2022-08-25 07:51:00-04:00,168.73,168.77,168.7,168.7,168.7,0
2022-08-25 07:52:00-04:00,168.71,168.71,168.69,168.7,168.7,0
2022-08-25 07:53:00-04:00,168.7,168.7,168.67,168.67,168.67,0
2022-08-25 07:54:00-04:00,168.68,168.71,168.65,168.71,168.71,0
2022-08-25 07:55:00-04:00,168.71,168.71,168.68,168.71,168.71,0
2022-08-25 07:57:00-04:00,168.7,168.73,168.68,168.72,168.72,0
2022-08-25 07:58:00-04:00,168.72,168.77,168.71,168.74,168.74,0
2022-08-25 07:59:00-04:00,168.74,168.78,168.74,168.76,168.76,0
2022-08-25 08:00:00-04:00,168.87,169.4988,168.58,168.78,168.78,0
2022-08-25 08:01:00-04:00,168.78,170.0,167.112,168.79,168.79,0
2022-08-25 08:02:00-04:00,168.79,168.8,168.7609,168.79,168.79,0
2022-08-25 08:03:00-04:00,168.77,168.9,168.77,168.89,168.89,0
2022-08-25 08:04:00-04:00,168.87,168.9,168.81,168.84,168.84,0
2022-08-25 08:05:00-04:00,168.82,168.83,168.7612,168.8,168.8,0
2022-08-25 08:06:00-04:00,168.8,168.81,168.77,168.7988,168.7988,0
2022-08-25 08:08:00-04:00,168.8,168.81,168.76,168.76,168.76,0
2022-08-25 08:09:00-04:00,168.76,168.81,168.75,168.77,168.77,0
2022-08-25 08:10:00-04:00,168.77,168.81,168.76,168.81,168.81,0
2022-08-25 08:11:00-04:00,168.78,168.87,168.78,168.86,168.86,0
2022-08-25 08:12:00-04:00,168.85,168.86,168.81,168.8588,168.8588,0
2022-08-25 08:13:00-04:00,168.84,168.86,168.81,168.84,168.84,0
2022-08-25 08:14:00-04:00,168.85,168.85,168.73,168.79,168.79,0
2022-08-25 08:15:00-04:00,168.79,168.8088,168.69,168.7,168.7,0
2022-08-25 08:16:00-04:00,168.71,168.75,168.68,168.69,168.69,0
2022-08-25 08:17:00-04:00,168.69,168.75,168.69,168.75,168.75,0
2022-08-25 08:18:00-04:00,168.74,168.74,168.69,168.7,168.7,0
2022-08-25 08:19:00-04:00,168.71,168.73,168.68,168.705,168.705,0
2022-08-25 08:20:00-04:00,168.7,168.7,168.57,168.6,168.6,0
2022-08-25 08:21:00-04:00,168.58,168.67,168.58,168.6,168.6,0
2022-08-25 08:22:00-04:00,168.6,168.6795,168.56,168.58,168.58,0
2022-08-25 08:23:00-04:00,168.59,168.59,168.55,168.57,168.57,0
2022-08-25 08:24:00-04:00,168.55,168.5894,168.55,168.57,168.57,0
2022-08-25 08:25:00-04:00,168.57,168.57,168.54,168.57,168.57,0
2022-08-25 08:26:00-04:00,168.56,168.59,168.56,168.58,168.58,0
2022-08-25 08:27:00-04:00,168.58,168.6,168.53,168.55,168.55,0
2022-08-25 08:28:00-04:00,168.51,168.6,168.51,168.57,168.57,0
2022-08-25 08:29:00-04:00,168.575,168.6,168.55,168.585,168.585,0
2022-08-25 08:30:00-04:00,168.6,168.89,168.3,168.3,168.3,0
2022-08-25 08:31:00-04:00,168.3,168.73,168.23,168.6388,168.6388,0
2022-08-25 08:32:00-04:00,168.59,168.62,168.42,168.52,168.52,0
2022-08-25 08:33:00-04:00,168.48,168.52,168.4312,168.48,168.48,0
2022-08-25 08:34:00-04:00,168.48,168.59,168.48,168.54,168.54,0
2022-08-25 08:35:00-04:00,168.54,168.54,168.42,168.4312,168.4312,0
2022-08-25 08:36:00-04:00,168.48,168.57,168.48,168.51,168.51,0
2022-08-25 08:37:00-04:00,168.51,168.51,168.46,168.5,168.5,0
2022-08-25 08:38:00-04:00,168.5,168.54,168.4171,168.4888,168.4888,0
2022-08-25 08:39:00-04:00,168.5,168.5,168.42,168.49,168.49,0
2022-08-25 08:40:00-04:00,168.46,168.49,168.45,168.47,168.47,0
2022-08-25 08:41:00-04:00,168.49,168.49,168.38,168.38,168.38,0
2022-08-25 08:42:00-04:00,168.42,168.48,168.38,168.4,168.4,0
2022-08-25 08:43:00-04:00,168.41,168.49,168.33,168.45,168.45,0
2022-08-25 08:44:00-04:00,168.465,168.48,168.33,168.44,168.44,0
2022-08-25 08:45:00-04:00,168.44,168.53,168.44,168.48,168.48,0
2022-08-25 08:46:00-04:00,168.48,168.5588,168.45,168.485,168.485,0
2022-08-25 08:47:00-04:00,168.49,168.52,168.45,168.46,168.46,0
2022-08-25 08:48:00-04:00,168.46,168.51,168.43,168.48,168.48,0
2022-08-25 08:49:00-04:00,168.45,168.47,168.37,168.4,168.4,0
2022-08-25 08:50:00-04:00,168.38,168.49,168.36,168.47,168.47,0
2022-08-25 08:51:00-04:00,168.46,168.5,168.43,168.465,168.465,0
2022-08-25 08:52:00-04:00,168.465,168.56,168.465,168.56,168.56,0
2022-08-25 08:53:00-04:00,168.55,168.6,168.5212,168.54,168.54,0
2022-08-25 08:54:00-04:00,168.56,168.57,168.47,168.54,168.54,0
2022-08-25 08:55:00-04:00,168.54,168.55,168.49,168.49,168.49,0
2022-08-25 08:56:00-04:00,168.5,168.53,168.4712,168.53,168.53,0
2022-08-25 08:57:00-04:00,168.5288,168.55,168.5,168.55,168.55,0
2022-08-25 08:58:00-04:00,168.55,168.69,168.535,168.65,168.65,0
2022-08-25 08:59:00-04:00,168.63,168.72,168.62,168.69,168.69,0
2022-08-25 09:00:00-04:00,168.685,168.71,168.66,168.66,168.66,0
2022-08-25 09:01:00-04:00,168.68,168.7,168.62,168.69,168.69,0
2022-08-25 09:02:00-04:00,168.69,168.7,168.66,168.66,168.66,0
2022-08-25 09:03:00-04:00,168.67,168.76,168.53,168.73,168.73,0
2022-08-25 09:04:00-04:00,168.74,168.75,168.58,168.615,168.615,0
2022-08-25 09:05:00-04:00,168.65,168.65,168.55,168.575,168.575,0
2022-08-25 09:06:00-04:00,168.56,168.62,168.56,168.61,168.61,0
2022-08-25 09:07:00-04:00,168.62,168.65,168.56,168.6,168.6,0
2022-08-25 09:08:00-04:00,168.6,168.65,168.55,168.59,168.59,0
2022-08-25 09:09:00-04:00,168.55,168.57,168.51,168.55,168.55,0
2022-08-25 09:10:00-04:00,168.55,168.57,168.465,168.52,168.52,0
2022-08-25 09:11:00-04:00,168.505,168.61,168.505,168.58,168.58,0
2022-08-25 09:12:00-04:00,168.58,168.65,166.265,168.6,168.6,0
2022-08-25 09:13:00-04:00,168.59,168.68,168.59,168.65,168.65,0
2022-08-25 09:14:00-04:00,168.65,168.74,168.64,168.74,168.74,0
2022-08-25 09:16:00-04:00,168.76,168.79,168.76,168.79,168.79,0
2022-08-25 09:30:00-04:00,169.0352020263672,169.0352020263672,169.02420043945312,169.02420043945312,169.02420043945312,1817048
2022-08-25 09:31:00-04:00,169.05560302734375,169.08999633789062,168.83999633789062,168.9499969482422,168.9499969482422,319012
2022-08-25 09:32:00-04:00,168.9600067138672,169.22000122070312,168.94630432128906,169.2198944091797,169.2198944091797,391078
2022-08-25 09:33:00-04:00,169.2100067138672,169.47999572753906,169.19000244140625,169.3000030517578,169.3000030517578,460314
2022-08-25 09:34:00-04:00,169.2899932861328,169.3300018310547,169.1199951171875,169.16000366210938,169.16000366210938,304477
2022-08-25 09:35:00-04:00,169.16000366210938,169.25,168.97999572753906,168.99000549316406,168.99000549316406,374707
2022-08-25 09:36:00-04:00,168.97999572753906,169.3699951171875,168.92999267578125,169.25999450683594,169.25999450683594,403343
2022-08-25 09:37:00-04:00,169.25,169.33999633789062,169.1199951171875,169.16400146484375,169.16400146484375,232555
2022-08-25 09:38:00-04:00,169.17080688476562,169.3350067138672,169.14999389648438,169.30999755859375,169.30999755859375,183711
2022-08-25 09:39:00-04:00,169.30990600585938,169.4199981689453,169.25,169.41000366210938,169.41000366210938,264061
2022-08-25 09:40:00-04:00,169.39999389648438,169.64999389648438,169.36000061035156,169.47999572753906,169.47999572753906,466818
2022-08-25 09:41:00-04:00,169.4600067138672,169.52999877929688,169.39999389648438,169.4488983154297,169.4488983154297,200220
2022-08-25 09:42:00-04:00,169.44500732421875,169.52999877929688,169.3000030517578,169.3199005126953,169.3199005126953,224530
2022-08-25 09:43:00-04:00,169.3000030517578,169.6199951171875,169.3000030517578,169.4600067138672,169.4600067138672,256482
2022-08-25 09:44:00-04:00,169.4600067138672,169.75999450683594,169.4199981689453,169.6999969482422,169.6999969482422,354200
2022-08-25 09:45:00-04:00,169.6999969482422,169.6999969482422,169.4499969482422,169.52000427246094,169.52000427246094,260218
2022-08-25 09:46:00-04:00,169.50999450683594,169.6999969482422,169.47999572753906,169.47999572753906,169.47999572753906,215148
2022-08-25 09:47:00-04:00,169.47999572753906,169.57000732421875,169.38999938964844,169.42999267578125,169.42999267578125,231625
2022-08-25 09:48:00-04:00,169.4250030517578,169.43780517578125,169.30999755859375,169.33990478515625,169.33990478515625,222932
2022-08-25 09:49:00-04:00,169.32000732421875,169.32000732421875,169.11000061035156,169.13999938964844,169.13999938964844,248377
2022-08-25 09:50:00-04:00,169.14999389648438,169.16000366210938,168.94000244140625,168.9600067138672,168.9600067138672,265500
2022-08-25 09:51:00-04:00,168.97900390625,169.11500549316406,168.9499969482422,169.11500549316406,169.11500549316406,167803
2022-08-25 09:52:00-04:00,169.1199951171875,169.24000549316406,169.05999755859375,169.22999572753906,169.22999572753906,199678
2022-08-25 09:53:00-04:00,169.24000549316406,169.40989685058594,169.2303009033203,169.35000610351562,169.35000610351562,233110
2022-08-25 09:54:00-04:00,169.33999633789062,169.5399932861328,169.3300018310547,169.4490966796875,169.4490966796875,336482
2022-08-25 09:55:00-04:00,169.4499969482422,169.49000549316406,169.30999755859375,169.33999633789062,169.33999633789062,148114
2022-08-25 09:56:00-04:00,169.35000610351562,169.38999938964844,169.2100067138672,169.3000030517578,169.3000030517578,134391
2022-08-25 09:57:00-04:00,169.30499267578125,169.40989685058594,169.2200927734375,169.39999389648438,169.39999389648438,144685
2022-08-25 09:58:00-04:00,169.40499877929688,169.54989624023438,169.38999938964844,169.52200317382812,169.52200317382812,198371
2022-08-25 09:59:00-04:00,169.52000427246094,169.58999633789062,169.5,169.5800018310547,169.5800018310547,165059
2022-08-25 10:00:00-04:00,169.5800018310547,169.86000061035156,169.5800018310547,169.7100067138672,169.7100067138672,458641
2022-08-25 10:01:00-04:00,169.7100067138672,169.82000732421875,169.69009399414062,169.74000549316406,169.74000549316406,254005
2022-08-25 10:02:00-04:00,169.72999572753906,169.89999389648438,169.72000122070312,169.84500122070312,169.84500122070312,196530
2022-08-25 10:03:00-04:00,169.85000610351562,169.9199981689453,169.82000732421875,169.88499450683594,169.88499450683594,211606
2022-08-25 10:04:00-04:00,169.88499450683594,169.88999938964844,169.80999755859375,169.85000610351562,169.85000610351562,174678
2022-08-25 10:05:00-04:00,169.85000610351562,169.91000366210938,169.82000732421875,169.8350067138672,169.8350067138672,156338
2022-08-25 10:06:00-04:00,169.83999633789062,169.8800048828125,169.77000427246094,169.77000427246094,169.77000427246094,146777
2022-08-25 10:07:00-04:00,169.77999877929688,169.7899932861328,169.58999633789062,169.61000061035156,169.61000061035156,282627
2022-08-25 10:08:00-04:00,169.59669494628906,169.6199951171875,169.50999450683594,169.50999450683594,169.50999450683594,155475
2022-08-25 10:09:00-04:00,169.50999450683594,169.6199951171875,169.50999450683594,169.5800018310547,169.5800018310547,125376
2022-08-25 10:10:00-04:00,169.5800018310547,169.66000366210938,169.47999572753906,169.5399932861328,169.5399932861328,174122
2022-08-25 10:11:00-04:00,169.5399932861328,169.5850067138672,169.4499969482422,169.4600067138672,169.4600067138672,136802
2022-08-25 10:12:00-04:00,169.45530700683594,169.49009704589844,169.41000366210938,169.47000122070312,169.47000122070312,139077
2022-08-25 10:13:00-04:00,169.4600067138672,169.50999450683594,169.4499969482422,169.45989990234375,169.45989990234375,64506
2022-08-25 10:14:00-04:00,169.47000122070312,169.49000549316406,169.39999389648438,169.43910217285156,169.43910217285156,112379
2022-08-25 10:15:00-04:00,169.44000244140625,169.66000366210938,169.44000244140625,169.46910095214844,169.46910095214844,196766
2022-08-25 10:16:00-04:00,169.47999572753906,169.75,169.4799041748047,169.72230529785156,169.72230529785156,167992
2022-08-25 10:17:00-04:00,169.72500610351562,169.80999755859375,169.67999267578125,169.72869873046875,169.72869873046875,219273
2022-08-25 10:18:00-04:00,169.73500061035156,169.77999877929688,169.63999938964844,169.6510009765625,169.6510009765625,144226
2022-08-25 10:19:00-04:00,169.65130615234375,169.66000366210938,169.46009826660156,169.47000122070312,169.47000122070312,128863
2022-08-25 10:20:00-04:00,169.47000122070312,169.60580444335938,169.41000366210938,169.52999877929688,169.52999877929688,136488
2022-08-25 10:21:00-04:00,169.52000427246094,169.55999755859375,169.3800048828125,169.406005859375,169.406005859375,135660
2022-08-25 10:22:00-04:00,169.4199981689453,169.42010498046875,169.27000427246094,169.2799072265625,169.2799072265625,120572
2022-08-25 10:23:00-04:00,169.27999877929688,169.38999938964844,169.27999877929688,169.34869384765625,169.34869384765625,149869
2022-08-25 10:24:00-04:00,169.35000610351562,169.52999877929688,169.34500122070312,169.5200958251953,169.5200958251953,149834
2022-08-25 10:25:00-04:00,169.52499389648438,169.67999267578125,169.52499389648438,169.56680297851562,169.56680297851562,158384
2022-08-25 10:26:00-04:00,169.55999755859375,169.56289672851562,169.36990356445312,169.3800048828125,169.3800048828125,175542
2022-08-25 10:27:00-04:00,169.3800048828125,169.4499969482422,169.3527069091797,169.3699951171875,169.3699951171875,125253
2022-08-25 10:28:00-04:00,169.35989379882812,169.41000366210938,169.21499633789062,169.22500610351562,169.22500610351562,139202
2022-08-25 10:29:00-04:00,169.2299041748047,169.3300018310547,169.2050018310547,169.3000030517578,169.3000030517578,113435
2022-08-25 10:30:00-04:00,169.30499267578125,169.4199981689453,169.3000030517578,169.39999389648438,169.39999389648438,121678
2022-08-25 10:31:00-04:00,169.39999389648438,169.40499877929688,169.24000549316406,169.33999633789062,169.33999633789062,126581
2022-08-25 10:32:00-04:00,169.35000610351562,169.36500549316406,169.30999755859375,169.34500122070312,169.34500122070312,22378
2022-08-25 10:33:00-04:00,169.35800170898438,169.44000244140625,169.35000610351562,169.3784942626953,169.3784942626953,204733
2022-08-25 10:34:00-04:00,169.38999938964844,169.39999389648438,169.32000732421875,169.3249969482422,169.3249969482422,84635
2022-08-25 10:35:00-04:00,169.32200622558594,169.44000244140625,169.27999877929688,169.389892578125,169.389892578125,96243
2022-08-25 10:36:00-04:00,169.3800048828125,169.5,169.36000061035156,169.47000122070312,169.47000122070312,95743
2022-08-25 10:37:00-04:00,169.47500610351562,169.63999938964844,169.47500610351562,169.58999633789062,169.58999633789062,175882
2022-08-25 10:38:00-04:00,169.58999633789062,169.58999633789062,169.50999450683594,169.5299072265625,169.5299072265625,72440
2022-08-25 10:39:00-04:00,169.52999877929688,169.67999267578125,169.52999877929688,169.64999389648438,169.64999389648438,112193
2022-08-25 10:40:00-04:00,169.66000366210938,169.71499633789062,169.6300048828125,169.6396026611328,169.6396026611328,133372
2022-08-25 10:41:00-04:00,169.64999389648438,169.8300018310547,169.64999389648438,169.78900146484375,169.78900146484375,137922
2022-08-25 10:42:00-04:00,169.78720092773438,169.89500427246094,169.78419494628906,169.82000732421875,169.82000732421875,166572
2022-08-25 10:43:00-04:00,169.80999755859375,169.83999633789062,169.72450256347656,169.7301025390625,169.7301025390625,102984
2022-08-25 10:44:00-04:00,169.74000549316406,169.7698974609375,169.67999267578125,169.7480926513672,169.7480926513672,78413
2022-08-25 10:45:00-04:00,169.72000122070312,169.74000549316406,169.5800018310547,169.58470153808594,169.58470153808594,138493
2022-08-25 10:46:00-04:00,169.5850067138672,169.6300048828125,169.55999755859375,169.61500549316406,169.61500549316406,76505
2022-08-25 10:47:00-04:00,169.61500549316406,169.61500549316406,169.4550018310547,169.5084991455078,169.5084991455078,129128
2022-08-25 10:48:00-04:00,169.50999450683594,169.59500122070312,169.47000122070312,169.47000122070312,169.47000122070312,127333
2022-08-25 10:49:00-04:00,169.4669952392578,169.66000366210938,169.44000244140625,169.6501007080078,169.6501007080078,96026
2022-08-25 10:50:00-04:00,169.65499877929688,169.67999267578125,169.5500030517578,169.60009765625,169.60009765625,97035
2022-08-25 10:51:00-04:00,169.5399932861328,169.5399932861328,169.53500366210938,169.53500366210938,169.53500366210938,59707
2022-08-25 10:52:00-04:00,169.5399932861328,169.5800018310547,169.52000427246094,169.52999877929688,169.52999877929688,50062
2022-08-25 10:53:00-04:00,169.4149932861328,169.4149932861328,169.35870361328125,169.36000061035156,169.36000061035156,152885
2022-08-25 10:54:00-04:00,169.36000061035156,169.39999389648438,169.27000427246094,169.32000732421875,169.32000732421875,135086
2022-08-25 10:55:00-04:00,169.3000030517578,169.32000732421875,169.21910095214844,169.27999877929688,169.27999877929688,86424
2022-08-25 10:56:00-04:00,169.26010131835938,169.27999877929688,169.24000549316406,169.24000549316406,169.24000549316406,85049
2022-08-25 10:58:00-04:00,169.3300018310547,169.3300018310547,169.27999877929688,169.30499267578125,169.30499267578125,184011
2022-08-25 10:59:00-04:00,169.30499267578125,169.32000732421875,169.24000549316406,169.27000427246094,169.27000427246094,75971
2022-08-25 11:00:00-04:00,169.26499938964844,169.27999877929688,169.19000244140625,169.22500610351562,169.22500610351562,86418
2022-08-25 11:01:00-04:00,169.25,169.25,169.07000732421875,169.0800018310547,169.0800018310547,103821
2022-08-25 11:02:00-04:00,169.08999633789062,169.1699981689453,169.0749969482422,169.160400390625,169.160400390625,78934
2022-08-25 11:03:00-04:00,169.1649932861328,169.22999572753906,169.15330505371094,169.1999969482422,169.1999969482422,77041
2022-08-25 11:04:00-04:00,169.2100067138672,169.2476043701172,169.1699981689453,169.1846923828125,169.1846923828125,67309
2022-08-25 11:05:00-04:00,169.17999267578125,169.19000244140625,169.07850646972656,169.1490936279297,169.1490936279297,83486
2022-08-25 11:06:00-04:00,169.13999938964844,169.17999267578125,169.05999755859375,169.0749969482422,169.0749969482422,84296
2022-08-25 11:07:00-04:00,169.0800018310547,169.24000549316406,169.07530212402344,169.2100067138672,169.2100067138672,97888
2022-08-25 11:08:00-04:00,169.2100067138672,169.24000549316406,169.14999389648438,169.21499633789062,169.21499633789062,76497
2022-08-25 11:09:00-04:00,169.21499633789062,169.21499633789062,169.08999633789062,169.1053009033203,169.1053009033203,80329
2022-08-25 11:10:00-04:00,169.10499572753906,169.19500732421875,169.07000732421875,169.17019653320312,169.17019653320312,68863
2022-08-25 11:11:00-04:00,169.1699981689453,169.19000244140625,169.02999877929688,169.19000244140625,169.19000244140625,143589
2022-08-25 11:12:00-04:00,169.18499755859375,169.25,169.13259887695312,169.19000244140625,169.19000244140625,106438
2022-08-25 11:13:00-04:00,169.2050018310547,169.27000427246094,169.14999389648438,169.16990661621094,169.16990661621094,79088
2022-08-25 11:14:00-04:00,169.16900634765625,169.17999267578125,168.9499969482422,168.97999572753906,168.97999572753906,123301
2022-08-25 11:15:00-04:00,168.99000549316406,169.02000427246094,168.7899932861328,168.80999755859375,168.80999755859375,156264
2022-08-25 11:16:00-04:00,168.8101043701172,168.86000061035156,168.6898956298828,168.80499267578125,168.80499267578125,172260
2022-08-25 11:17:00-04:00,168.8079071044922,168.8800048828125,168.77000427246094,168.80999755859375,168.80999755859375,124885
2022-08-25 11:18:00-04:00,168.8000030517578,168.8489990234375,168.75,168.83999633789062,168.83999633789062,94492
2022-08-25 11:19:00-04:00,168.8300018310547,168.88999938964844,168.82000732421875,168.85499572753906,168.85499572753906,112540
2022-08-25 11:20:00-04:00,168.85000610351562,168.85989379882812,168.74000549316406,168.78050231933594,168.78050231933594,156662
2022-08-25 11:21:00-04:00,168.77999877929688,168.7899932861328,168.66000366210938,168.6710968017578,168.6710968017578,102489
2022-08-25 11:22:00-04:00,168.6708984375,168.6999969482422,168.63999938964844,168.64999389648438,168.64999389648438,76841
2022-08-25 11:23:00-04:00,168.65310668945312,168.69000244140625,168.60000610351562,168.61000061035156,168.61000061035156,97206
2022-08-25 11:24:00-04:00,168.60589599609375,168.60589599609375,168.4600067138672,168.52999877929688,168.52999877929688,169868
2022-08-25 11:25:00-04:00,168.53500366210938,168.58999633789062,168.4499969482422,168.5850067138672,168.5850067138672,131582
2022-08-25 11:26:00-04:00,168.58689880371094,168.74000549316406,168.57110595703125,168.73500061035156,168.73500061035156,148461
2022-08-25 11:27:00-04:00,168.73629760742188,168.8000030517578,168.67999267578125,168.7884063720703,168.7884063720703,83644
2022-08-25 11:28:00-04:00,168.77999877929688,168.8000030517578,168.73500061035156,168.76629638671875,168.76629638671875,81538
2022-08-25 11:29:00-04:00,168.75,168.77999877929688,168.72000122070312,168.76019287109375,168.76019287109375,56508
2022-08-25 11:30:00-04:00,168.77000427246094,168.8800048828125,168.75,168.85000610351562,168.85000610351562,91917
2022-08-25 11:31:00-04:00,168.85989379882812,168.97000122070312,168.83999633789062,168.9250030517578,168.9250030517578,76934
2022-08-25 11:32:00-04:00,168.9199981689453,168.93789672851562,168.83999633789062,168.85989379882812,168.85989379882812,73128
2022-08-25 11:33:00-04:00,168.85000610351562,168.86000061035156,168.7100067138672,168.72999572753906,168.72999572753906,131378
2022-08-25 11:34:00-04:00,168.7238006591797,168.875,168.7191925048828,168.875,168.875,96121
2022-08-25 11:35:00-04:00,168.8699951171875,168.91000366210938,168.82000732421875,168.89999389648438,168.89999389648438,81393
2022-08-25 11:36:00-04:00,168.89999389648438,168.9499969482422,168.875,168.88999938964844,168.88999938964844,66663
2022-08-25 11:37:00-04:00,168.88009643554688,168.91099548339844,168.82000732421875,168.88999938964844,168.88999938964844,68394
2022-08-25 11:38:00-04:00,168.89630126953125,168.92999267578125,168.8699951171875,168.9010009765625,168.9010009765625,49382
2022-08-25 11:39:00-04:00,168.91000366210938,168.91650390625,168.82000732421875,168.88999938964844,168.88999938964844,59736
2022-08-25 11:40:00-04:00,168.89999389648438,168.89999389648438,168.77999877929688,168.84010314941406,168.84010314941406,54700
2022-08-25 11:41:00-04:00,168.85000610351562,168.8632049560547,168.77000427246094,168.83779907226562,168.83779907226562,47012
2022-08-25 11:42:00-04:00,168.85000610351562,168.93870544433594,168.8350067138672,168.9149932861328,168.9149932861328,50356
2022-08-25 11:43:00-04:00,168.9199981689453,168.98500061035156,168.91119384765625,168.94500732421875,168.94500732421875,95589
2022-08-25 11:44:00-04:00,168.9499969482422,168.9691925048828,168.89999389648438,168.9600067138672,168.9600067138672,43328
2022-08-25 11:45:00-04:00,168.9611053466797,168.98500061035156,168.92999267578125,168.94000244140625,168.94000244140625,51180
2022-08-25 11:46:00-04:00,168.94009399414062,168.97500610351562,168.82000732421875,168.88999938964844,168.88999938964844,80800
2022-08-25 11:47:00-04:00,168.88999938964844,168.97000122070312,168.8699951171875,168.96090698242188,168.96090698242188,46420
2022-08-25 11:48:00-04:00,168.96499633789062,169.02999877929688,168.9550018310547,169.01499938964844,169.01499938964844,79666
2022-08-25 11:49:00-04:00,169.01499938964844,169.101806640625,169.01499938964844,169.08070373535156,169.08070373535156,109710
2022-08-25 11:50:00-04:00,169.07000732421875,169.12989807128906,169.06500244140625,169.09500122070312,169.09500122070312,93020
2022-08-25 11:51:00-04:00,169.08999633789062,169.10000610351562,168.93899536132812,168.9409942626953,168.9409942626953,103180
2022-08-25 11:52:00-04:00,168.94000244140625,169.0399932861328,168.93870544433594,169.02000427246094,169.02000427246094,67095
2022-08-25 11:53:00-04:00,169.01409912109375,169.09500122070312,168.97999572753906,169.08999633789062,169.08999633789062,74321
2022-08-25 11:54:00-04:00,169.0800018310547,169.11990356445312,169.02999877929688,169.0500030517578,169.0500030517578,71948
2022-08-25 11:55:00-04:00,169.0426025390625,169.0491943359375,168.9499969482422,168.9600067138672,168.9600067138672,76253
2022-08-25 11:56:00-04:00,168.96499633789062,169.00999450683594,168.86000061035156,168.8699951171875,168.8699951171875,72009
2022-08-25 11:57:00-04:00,168.86500549316406,168.88929748535156,168.77999877929688,168.86000061035156,168.86000061035156,81187
2022-08-25 11:58:00-04:00,168.85499572753906,168.92990112304688,168.85499572753906,168.88999938964844,168.88999938964844,51001
2022-08-25 11:59:00-04:00,168.88999938964844,169.0937042236328,168.88999938964844,169.0500030517578,169.0500030517578,98574
2022-08-25 12:00:00-04:00,169.0500030517578,169.05999755859375,168.97000122070312,169.04010009765625,169.04010009765625,86664
2022-08-25 12:01:00-04:00,169.0500030517578,169.0511016845703,168.91000366210938,168.93580627441406,168.93580627441406,47428
2022-08-25 12:02:00-04:00,168.92999267578125,168.99000549316406,168.91000366210938,168.9199981689453,168.9199981689453,42484
2022-08-25 12:03:00-04:00,168.9199981689453,168.97000122070312,168.88999938964844,168.94000244140625,168.94000244140625,37963
2022-08-25 12:04:00-04:00,168.9499969482422,168.97000122070312,168.89999389648438,168.91000366210938,168.91000366210938,45291
2022-08-25 12:05:00-04:00,168.9199981689453,168.92010498046875,168.8300018310547,168.9149932861328,168.9149932861328,58845
2022-08-25 12:06:00-04:00,168.9149932861328,168.9600067138672,168.89500427246094,168.93150329589844,168.93150329589844,39322
2022-08-25 12:07:00-04:00,168.92999267578125,168.97500610351562,168.87240600585938,168.92999267578125,168.92999267578125,54054
2022-08-25 12:08:00-04:00,168.92999267578125,168.97000122070312,168.90260314941406,168.91000366210938,168.91000366210938,40928
2022-08-25 12:09:00-04:00,168.9199981689453,168.9550018310547,168.82000732421875,168.82000732421875,168.82000732421875,64663
2022-08-25 12:10:00-04:00,168.82000732421875,168.9149932861328,168.8000030517578,168.9149932861328,168.9149932861328,72081
2022-08-25 12:11:00-04:00,168.91000366210938,168.91990661621094,168.83999633789062,168.83999633789062,168.83999633789062,53114
2022-08-25 12:12:00-04:00,168.8300018310547,168.86500549316406,168.79530334472656,168.8199005126953,168.8199005126953,69283
2022-08-25 12:13:00-04:00,168.80999755859375,168.80999755859375,168.71499633789062,168.74249267578125,168.74249267578125,70925
2022-08-25 12:14:00-04:00,168.7449951171875,168.75,168.61000061035156,168.72999572753906,168.72999572753906,112546
2022-08-25 12:15:00-04:00,168.72500610351562,168.77000427246094,168.64999389648438,168.6699981689453,168.6699981689453,56051
2022-08-25 12:16:00-04:00,168.66009521484375,168.6999969482422,168.6300048828125,168.63499450683594,168.63499450683594,46909
2022-08-25 12:17:00-04:00,168.6300048828125,168.7100067138672,168.6199951171875,168.69000244140625,168.69000244140625,51321
2022-08-25 12:18:00-04:00,168.67999267578125,168.75,168.6699981689453,168.69000244140625,168.69000244140625,75351
2022-08-25 12:19:00-04:00,168.67999267578125,168.6999969482422,168.6300048828125,168.69000244140625,168.69000244140625,100080
2022-08-25 12:20:00-04:00,168.69500732421875,168.6999969482422,168.64999389648438,168.6750030517578,168.6750030517578,51453
2022-08-25 12:21:00-04:00,168.67999267578125,168.7799072265625,168.67999267578125,168.74000549316406,168.74000549316406,85306
2022-08-25 12:22:00-04:00,168.74000549316406,168.7449951171875,168.7050018310547,168.72000122070312,168.72000122070312,43185
2022-08-25 12:23:00-04:00,168.72000122070312,168.72999572753906,168.55999755859375,168.56500244140625,168.56500244140625,84411
2022-08-25 12:24:00-04:00,168.56210327148438,168.63999938964844,168.5399932861328,168.58999633789062,168.58999633789062,76930
2022-08-25 12:25:00-04:00,168.58999633789062,168.66990661621094,168.56219482421875,168.65069580078125,168.65069580078125,70998
2022-08-25 12:26:00-04:00,168.66000366210938,168.72999572753906,168.65480041503906,168.71299743652344,168.71299743652344,79527
2022-08-25 12:27:00-04:00,168.7111053466797,168.73280334472656,168.64999389648438,168.72999572753906,168.72999572753906,60685
2022-08-25 12:28:00-04:00,168.72000122070312,168.8000030517578,168.72000122070312,168.7899932861328,168.7899932861328,62591
2022-08-25 12:29:00-04:00,168.7899932861328,168.8300018310547,168.77000427246094,168.77000427246094,168.77000427246094,59602
2022-08-25 12:30:00-04:00,168.77020263671875,168.80499267578125,168.67999267578125,168.69000244140625,168.69000244140625,52220
2022-08-25 12:31:00-04:00,168.68499755859375,168.73590087890625,168.6699981689453,168.7100067138672,168.7100067138672,41604
2022-08-25 12:32:00-04:00,168.7100067138672,168.78770446777344,168.6999969482422,168.7816925048828,168.7816925048828,41554
2022-08-25 12:33:00-04:00,168.78179931640625,168.89500427246094,168.77999877929688,168.8800048828125,168.8800048828125,72253
2022-08-25 12:34:00-04:00,168.8715057373047,168.88999938964844,168.83999633789062,168.83999633789062,168.83999633789062,69265
2022-08-25 12:35:00-04:00,168.85000610351562,168.8800048828125,168.80999755859375,168.8300018310547,168.8300018310547,46526
2022-08-25 12:36:00-04:00,168.83999633789062,168.9188995361328,168.83999633789062,168.89999389648438,168.89999389648438,44119
2022-08-25 12:37:00-04:00,168.90499877929688,168.90499877929688,168.860595703125,168.8699951171875,168.8699951171875,35348
2022-08-25 12:38:00-04:00,168.86019897460938,168.88499450683594,168.82269287109375,168.8791046142578,168.8791046142578,33454
2022-08-25 12:39:00-04:00,168.8717041015625,168.89999389648438,168.86000061035156,168.8990020751953,168.8990020751953,25483
2022-08-25 12:40:00-04:00,168.88999938964844,168.89939880371094,168.75999450683594,168.75999450683594,168.75999450683594,59057
2022-08-25 12:41:00-04:00,168.75999450683594,168.77099609375,168.64990234375,168.72999572753906,168.72999572753906,102907
2022-08-25 12:42:00-04:00,168.72999572753906,168.75,168.66000366210938,168.74000549316406,168.74000549316406,47330
2022-08-25 12:43:00-04:00,168.73060607910156,168.75999450683594,168.6699981689453,168.67999267578125,168.67999267578125,51777
2022-08-25 12:44:00-04:00,168.6800994873047,168.7696075439453,168.6699981689453,168.75999450683594,168.75999450683594,39333
2022-08-25 12:45:00-04:00,168.75,168.7550048828125,168.6300048828125,168.64500427246094,168.64500427246094,53931
2022-08-25 12:46:00-04:00,168.64109802246094,168.6699981689453,168.60000610351562,168.63009643554688,168.63009643554688,63850
2022-08-25 12:47:00-04:00,168.6300048828125,168.64129638671875,168.5800018310547,168.6300048828125,168.6300048828125,71336
2022-08-25 12:48:00-04:00,168.6199951171875,168.6699981689453,168.36000061035156,168.389892578125,168.389892578125,111511
2022-08-25 12:49:00-04:00,168.38499450683594,168.4600067138672,168.35000610351562,168.43499755859375,168.43499755859375,100490
2022-08-25 12:50:00-04:00,168.44000244140625,168.5299072265625,168.42999267578125,168.49000549316406,168.49000549316406,64097
2022-08-25 12:51:00-04:00,168.4801025390625,168.5706024169922,168.47000122070312,168.55999755859375,168.55999755859375,70743
2022-08-25 12:52:00-04:00,168.56179809570312,168.60499572753906,168.52000427246094,168.60000610351562,168.60000610351562,49634
2022-08-25 12:53:00-04:00,168.5998992919922,168.65989685058594,168.5998992919922,168.61500549316406,168.61500549316406,49757
2022-08-25 12:54:00-04:00,168.61000061035156,168.62350463867188,168.57000732421875,168.61000061035156,168.61000061035156,35740
2022-08-25 12:55:00-04:00,168.61000061035156,168.6376953125,168.5399932861328,168.57000732421875,168.57000732421875,49075
2022-08-25 12:56:00-04:00,168.57000732421875,168.57000732421875,168.5012969970703,168.5050048828125,168.5050048828125,43486
2022-08-25 12:57:00-04:00,168.5,168.60000610351562,168.49000549316406,168.57640075683594,168.57640075683594,36752
2022-08-25 12:58:00-04:00,168.57179260253906,168.6300048828125,168.5500030517578,168.5500030517578,168.5500030517578,57913
2022-08-25 12:59:00-04:00,168.52999877929688,168.66000366210938,168.51499938964844,168.65499877929688,168.65499877929688,54085
2022-08-25 13:00:00-04:00,168.64999389648438,168.66990661621094,168.5500030517578,168.61500549316406,168.61500549316406,55507
2022-08-25 13:01:00-04:00,168.6300048828125,168.75999450683594,168.5399932861328,168.72000122070312,168.72000122070312,165601
2022-08-25 13:02:00-04:00,168.7299041748047,168.7299041748047,168.63999938964844,168.67999267578125,168.67999267578125,54270
2022-08-25 13:03:00-04:00,168.69000244140625,168.7100067138672,168.58999633789062,168.60000610351562,168.60000610351562,66761
2022-08-25 13:04:00-04:00,168.60000610351562,168.6699981689453,168.58999633789062,168.6343994140625,168.6343994140625,77429
2022-08-25 13:05:00-04:00,168.6300048828125,168.7050018310547,168.6199951171875,168.64999389648438,168.64999389648438,52102
2022-08-25 13:06:00-04:00,168.64999389648438,168.75,168.64999389648438,168.72999572753906,168.72999572753906,44958
2022-08-25 13:07:00-04:00,168.72000122070312,168.7899932861328,168.7100067138672,168.77000427246094,168.77000427246094,47382
2022-08-25 13:08:00-04:00,168.77000427246094,168.84500122070312,168.74000549316406,168.8300018310547,168.8300018310547,68980
2022-08-25 13:09:00-04:00,168.83529663085938,168.84500122070312,168.5850067138672,168.64999389648438,168.64999389648438,184601
2022-08-25 13:10:00-04:00,168.64999389648438,168.6999969482422,168.58999633789062,168.58999633789062,168.58999633789062,78604
2022-08-25 13:11:00-04:00,168.58999633789062,168.63999938964844,168.57000732421875,168.6199951171875,168.6199951171875,65558
2022-08-25 13:12:00-04:00,168.6208953857422,168.66990661621094,168.59230041503906,168.60000610351562,168.60000610351562,39530
2022-08-25 13:13:00-04:00,168.60040283203125,168.63999938964844,168.57000732421875,168.60000610351562,168.60000610351562,51421
2022-08-25 13:14:00-04:00,168.60499572753906,168.67999267578125,168.60000610351562,168.66000366210938,168.66000366210938,46444
2022-08-25 13:15:00-04:00,168.65499877929688,168.72000122070312,168.64999389648438,168.68499755859375,168.68499755859375,64779
2022-08-25 13:16:00-04:00,168.68499755859375,168.69000244140625,168.59950256347656,168.6699981689453,168.6699981689453,43548
2022-08-25 13:17:00-04:00,168.69000244140625,168.72000122070312,168.69000244140625,168.70799255371094,168.70799255371094,44651
2022-08-25 13:18:00-04:00,168.7050018310547,168.77000427246094,168.67999267578125,168.75999450683594,168.75999450683594,62218
2022-08-25 13:19:00-04:00,168.75599670410156,168.82000732421875,168.75599670410156,168.80999755859375,168.80999755859375,49220
2022-08-25 13:20:00-04:00,168.80999755859375,168.86000061035156,168.74000549316406,168.80999755859375,168.80999755859375,119514
2022-08-25 13:21:00-04:00,168.8249969482422,168.91000366210938,168.82009887695312,168.89500427246094,168.89500427246094,70767
2022-08-25 13:22:00-04:00,168.89500427246094,168.91000366210938,168.8300018310547,168.906005859375,168.906005859375,74921
2022-08-25 13:23:00-04:00,168.91000366210938,169.00999450683594,168.9001007080078,168.97500610351562,168.97500610351562,163161
2022-08-25 13:24:00-04:00,168.97999572753906,169.00999450683594,168.9199981689453,168.9550018310547,168.9550018310547,92821
2022-08-25 13:25:00-04:00,168.9550018310547,168.95730590820312,168.875,168.8800048828125,168.8800048828125,64579
2022-08-25 13:26:00-04:00,168.8800048828125,168.89500427246094,168.86500549316406,168.86500549316406,168.86500549316406,66929
2022-08-25 13:27:00-04:00,168.86000061035156,168.8800048828125,168.85000610351562,168.8699951171875,168.8699951171875,56153
2022-08-25 13:28:00-04:00,168.875,169.0,168.875,169.0,169.0,75713
2022-08-25 13:29:00-04:00,168.99009704589844,169.0,168.9199981689453,168.9315948486328,168.9315948486328,49081
2022-08-25 13:30:00-04:00,168.92999267578125,169.0500030517578,168.91000366210938,169.0200958251953,169.0200958251953,87813
2022-08-25 13:31:00-04:00,169.02000427246094,169.02769470214844,168.88999938964844,168.97000122070312,168.97000122070312,96448
2022-08-25 13:32:00-04:00,168.97999572753906,169.03500366210938,168.9600067138672,169.02389526367188,169.02389526367188,50613
2022-08-25 13:33:00-04:00,169.02659606933594,169.0800018310547,169.01010131835938,169.0800018310547,169.0800018310547,66290
2022-08-25 13:34:00-04:00,169.08999633789062,169.14999389648438,169.0800018310547,169.12879943847656,169.12879943847656,135619
2022-08-25 13:35:00-04:00,169.1199951171875,169.27000427246094,169.1199951171875,169.26010131835938,169.26010131835938,170371
2022-08-25 13:36:00-04:00,169.27000427246094,169.32000732421875,169.1699981689453,169.23829650878906,169.23829650878906,199218
2022-08-25 13:37:00-04:00,169.22999572753906,169.2899932861328,169.17999267578125,169.25999450683594,169.25999450683594,112084
2022-08-25 13:38:00-04:00,169.27520751953125,169.35000610351562,169.27520751953125,169.3300018310547,169.3300018310547,74389
2022-08-25 13:39:00-04:00,169.32009887695312,169.36000061035156,169.2899932861328,169.34500122070312,169.34500122070312,67238
2022-08-25 13:40:00-04:00,169.35000610351562,169.36000061035156,169.3000030517578,169.34500122070312,169.34500122070312,41400
2022-08-25 13:41:00-04:00,169.33999633789062,169.35000610351562,169.2899932861328,169.3282928466797,169.3282928466797,56891
2022-08-25 13:42:00-04:00,169.33450317382812,169.4199981689453,169.3000030517578,169.36839294433594,169.36839294433594,118037
2022-08-25 13:43:00-04:00,169.3603057861328,169.39999389648438,169.34429931640625,169.3699951171875,169.3699951171875,65212
2022-08-25 13:44:00-04:00,169.3800048828125,169.4084014892578,169.3300018310547,169.33079528808594,169.33079528808594,76256
2022-08-25 13:45:00-04:00,169.3249969482422,169.35000610351562,169.27999877929688,169.3300018310547,169.3300018310547,77160
2022-08-25 13:46:00-04:00,169.33999633789062,169.41990661621094,169.33999633789062,169.3800048828125,169.3800048828125,82431
2022-08-25 13:47:00-04:00,169.3791961669922,169.41920471191406,169.08999633789062,169.24000549316406,169.24000549316406,298398
2022-08-25 13:48:00-04:00,169.24899291992188,169.3000030517578,169.24899291992188,169.29299926757812,169.29299926757812,100225
2022-08-25 13:49:00-04:00,169.3000030517578,169.32000732421875,169.2301025390625,169.2384033203125,169.2384033203125,82868
2022-08-25 13:50:00-04:00,169.23500061035156,169.25999450683594,169.17999267578125,169.20989990234375,169.20989990234375,78548
2022-08-25 13:51:00-04:00,169.20370483398438,169.24000549316406,169.19500732421875,169.22000122070312,169.22000122070312,46220
2022-08-25 13:52:00-04:00,169.22999572753906,169.27000427246094,169.2200927734375,169.2550048828125,169.2550048828125,44683
2022-08-25 13:53:00-04:00,169.2550048828125,169.27999877929688,169.24000549316406,169.24940490722656,169.24940490722656,62660
2022-08-25 13:54:00-04:00,169.24000549316406,169.30999755859375,169.24000549316406,169.3000030517578,169.3000030517578,39152
2022-08-25 13:55:00-04:00,169.30499267578125,169.32000732421875,169.25,169.26609802246094,169.26609802246094,81555
2022-08-25 13:56:00-04:00,169.27870178222656,169.27999877929688,169.22300720214844,169.25,169.25,45148
2022-08-25 13:57:00-04:00,169.24000549316406,169.32000732421875,169.24000549316406,169.29159545898438,169.29159545898438,49981
2022-08-25 13:58:00-04:00,169.29119873046875,169.32000732421875,169.19000244140625,169.2050018310547,169.2050018310547,55394
2022-08-25 13:59:00-04:00,169.1999969482422,169.24000549316406,169.19000244140625,169.2100067138672,169.2100067138672,45080
2022-08-25 14:00:00-04:00,169.2100067138672,169.22999572753906,169.13999938964844,169.14010620117188,169.14010620117188,70386
2022-08-25 14:01:00-04:00,169.13999938964844,169.2100067138672,169.11000061035156,169.1300048828125,169.1300048828125,57327
2022-08-25 14:02:00-04:00,169.13009643554688,169.20950317382812,169.1300048828125,169.19000244140625,169.19000244140625,54555
2022-08-25 14:03:00-04:00,169.1929931640625,169.2100067138672,169.1199951171875,169.14149475097656,169.14149475097656,39066
2022-08-25 14:04:00-04:00,169.125,169.14999389648438,168.99000549316406,169.0,169.0,130358
2022-08-25 14:05:00-04:00,169.0,169.1300048828125,168.99009704589844,169.10000610351562,169.10000610351562,66275
2022-08-25 14:06:00-04:00,169.10000610351562,169.1199951171875,169.00709533691406,169.05990600585938,169.05990600585938,88198
2022-08-25 14:07:00-04:00,169.0500030517578,169.07000732421875,169.02999877929688,169.0449981689453,169.0449981689453,52494
2022-08-25 14:08:00-04:00,169.0487060546875,169.05999755859375,168.91000366210938,168.98989868164062,168.98989868164062,105929
2022-08-25 14:09:00-04:00,168.97999572753906,169.0800018310547,168.97500610351562,169.0449981689453,169.0449981689453,53123
2022-08-25 14:10:00-04:00,169.0406951904297,169.0406951904297,168.99000549316406,169.0,169.0,58102
2022-08-25 14:11:00-04:00,169.0050048828125,169.07000732421875,169.0050048828125,169.0435028076172,169.0435028076172,99502
2022-08-25 14:12:00-04:00,169.04469299316406,169.17999267578125,169.04469299316406,169.13499450683594,169.13499450683594,80322
2022-08-25 14:13:00-04:00,169.13999938964844,169.1750030517578,169.1199951171875,169.15640258789062,169.15640258789062,54816
2022-08-25 14:14:00-04:00,169.16000366210938,169.17999267578125,169.11500549316406,169.1584930419922,169.1584930419922,64120
2022-08-25 14:15:00-04:00,169.16000366210938,169.16000366210938,169.0850067138672,169.08999633789062,169.08999633789062,37060
2022-08-25 14:16:00-04:00,169.10000610351562,169.19000244140625,169.10000610351562,169.17300415039062,169.17300415039062,55600
2022-08-25 14:17:00-04:00,169.1750030517578,169.1750030517578,169.11000061035156,169.13499450683594,169.13499450683594,41559
2022-08-25 14:18:00-04:00,169.13499450683594,169.13999938964844,169.0200958251953,169.0303955078125,169.0303955078125,58054
2022-08-25 14:19:00-04:00,169.0399932861328,169.11000061035156,168.97999572753906,169.11000061035156,169.11000061035156,88427
2022-08-25 14:20:00-04:00,169.10499572753906,169.12820434570312,169.08999633789062,169.11830139160156,169.11830139160156,65332
2022-08-25 14:21:00-04:00,169.11500549316406,169.2100067138672,169.11000061035156,169.2100067138672,169.2100067138672,57615
2022-08-25 14:22:00-04:00,169.2091064453125,169.3000030517578,169.1999969482422,169.27000427246094,169.27000427246094,99104
2022-08-25 14:23:00-04:00,169.27999877929688,169.27999877929688,169.21499633789062,169.22000122070312,169.22000122070312,78272
2022-08-25 14:24:00-04:00,169.2100067138672,169.27000427246094,169.1999969482422,169.26040649414062,169.26040649414062,51375
2022-08-25 14:25:00-04:00,169.26499938964844,169.3000030517578,169.24000549316406,169.2899932861328,169.2899932861328,54732
2022-08-25 14:26:00-04:00,169.28900146484375,169.34500122070312,169.28500366210938,169.33929443359375,169.33929443359375,86003
2022-08-25 14:27:00-04:00,169.3300018310547,169.3386993408203,169.2899932861328,169.2989044189453,169.2989044189453,74588
2022-08-25 14:28:00-04:00,169.29550170898438,169.33999633789062,169.29010009765625,169.32159423828125,169.32159423828125,46621
2022-08-25 14:29:00-04:00,169.3300018310547,169.36000061035156,169.30999755859375,169.32000732421875,169.32000732421875,78044
2022-08-25 14:30:00-04:00,169.31500244140625,169.36000061035156,169.25999450683594,169.2899932861328,169.2899932861328,78198
2022-08-25 14:31:00-04:00,169.3000030517578,169.3300018310547,169.3000030517578,169.32000732421875,169.32000732421875,38347
2022-08-25 14:32:00-04:00,169.3249969482422,169.38839721679688,169.32009887695312,169.38499450683594,169.38499450683594,66161
2022-08-25 14:33:00-04:00,169.38099670410156,169.38999938964844,169.30999755859375,169.32000732421875,169.32000732421875,59852
2022-08-25 14:34:00-04:00,169.32000732421875,169.3498992919922,169.27999877929688,169.3300018310547,169.3300018310547,74838
2022-08-25 14:35:00-04:00,169.3238067626953,169.35000610351562,169.25999450683594,169.2698974609375,169.2698974609375,54299
2022-08-25 14:36:00-04:00,169.26499938964844,169.27499389648438,169.1699981689453,169.1699981689453,169.1699981689453,77125
2022-08-25 14:37:00-04:00,169.16929626464844,169.2449951171875,169.16000366210938,169.2100067138672,169.2100067138672,77267
2022-08-25 14:38:00-04:00,169.20010375976562,169.2050018310547,169.1300048828125,169.1300048828125,169.1300048828125,63292
2022-08-25 14:39:00-04:00,169.12010192871094,169.16000366210938,169.1199951171875,169.13499450683594,169.13499450683594,38007
2022-08-25 14:40:00-04:00,169.1300048828125,169.1309051513672,169.02999877929688,169.0399932861328,169.0399932861328,87598
2022-08-25 14:41:00-04:00,169.0449981689453,169.07000732421875,169.0,169.0449981689453,169.0449981689453,81408
2022-08-25 14:42:00-04:00,169.0399932861328,169.09950256347656,169.0050048828125,169.0279998779297,169.0279998779297,57029
2022-08-25 14:43:00-04:00,169.02000427246094,169.05999755859375,168.9600067138672,168.9604034423828,168.9604034423828,50958
2022-08-25 14:44:00-04:00,168.96009826660156,169.07000732421875,168.9600067138672,169.05499267578125,169.05499267578125,48495
2022-08-25 14:45:00-04:00,169.05499267578125,169.1199951171875,169.05499267578125,169.10000610351562,169.10000610351562,79001
2022-08-25 14:46:00-04:00,169.08999633789062,169.1199951171875,169.07000732421875,169.09500122070312,169.09500122070312,46383
2022-08-25 14:47:00-04:00,169.09500122070312,169.13999938964844,169.0800018310547,169.10000610351562,169.10000610351562,50725
2022-08-25 14:48:00-04:00,169.10000610351562,169.10000610351562,169.02000427246094,169.04739379882812,169.04739379882812,51203
2022-08-25 14:49:00-04:00,169.0449981689453,169.11000061035156,169.0399932861328,169.0749969482422,169.0749969482422,35017
2022-08-25 14:50:00-04:00,169.07000732421875,169.08999633789062,169.03500366210938,169.03500366210938,169.03500366210938,37053
2022-08-25 14:51:00-04:00,169.03500366210938,169.03990173339844,168.92999267578125,168.97000122070312,168.97000122070312,80579
2022-08-25 14:52:00-04:00,168.97000122070312,169.02000427246094,168.9600067138672,168.9781951904297,168.9781951904297,63453
2022-08-25 14:53:00-04:00,168.97000122070312,168.99000549316406,168.94000244140625,168.97999572753906,168.97999572753906,42148
2022-08-25 14:54:00-04:00,168.97900390625,169.10000610351562,168.9718017578125,169.072998046875,169.072998046875,77186
2022-08-25 14:55:00-04:00,169.07000732421875,169.1300048828125,169.05499267578125,169.0850067138672,169.0850067138672,54770
2022-08-25 14:56:00-04:00,169.08399963378906,169.17999267578125,169.07000732421875,169.16000366210938,169.16000366210938,96184
2022-08-25 14:57:00-04:00,169.1699981689453,169.20530700683594,169.13999938964844,169.1898956298828,169.1898956298828,85771
2022-08-25 14:58:00-04:00,169.19000244140625,169.218994140625,169.1719970703125,169.18499755859375,169.18499755859375,40142
2022-08-25 14:59:00-04:00,169.18499755859375,169.25,169.14999389648438,169.24000549316406,169.24000549316406,62296
2022-08-25 15:00:00-04:00,169.24899291992188,169.27999877929688,169.22000122070312,169.2301025390625,169.2301025390625,68931
2022-08-25 15:01:00-04:00,169.2353057861328,169.2353057861328,169.19000244140625,169.22000122070312,169.22000122070312,61663
2022-08-25 15:02:00-04:00,169.21060180664062,169.25999450683594,169.2100067138672,169.21499633789062,169.21499633789062,49638
2022-08-25 15:03:00-04:00,169.22909545898438,169.27999877929688,169.22500610351562,169.25,169.25,58591
2022-08-25 15:04:00-04:00,169.2449951171875,169.3300018310547,169.2449951171875,169.3300018310547,169.3300018310547,50112
2022-08-25 15:05:00-04:00,169.3249969482422,169.36000061035156,169.31500244140625,169.3533935546875,169.3533935546875,95630
2022-08-25 15:06:00-04:00,169.36000061035156,169.3699951171875,169.30999755859375,169.35499572753906,169.35499572753906,55290
2022-08-25 15:07:00-04:00,169.36000061035156,169.38999938964844,169.3300018310547,169.34710693359375,169.34710693359375,88807
2022-08-25 15:08:00-04:00,169.33999633789062,169.3874969482422,169.2899932861328,169.3125,169.3125,93080
2022-08-25 15:09:00-04:00,169.3184051513672,169.3184051513672,169.17999267578125,169.23609924316406,169.23609924316406,139108
2022-08-25 15:10:00-04:00,169.22999572753906,169.25,169.14999389648438,169.24000549316406,169.24000549316406,82747
2022-08-25 15:11:00-04:00,169.24009704589844,169.25999450683594,169.13999938964844,169.1699981689453,169.1699981689453,76128
2022-08-25 15:12:00-04:00,169.1699981689453,169.19000244140625,169.07000732421875,169.07000732421875,169.07000732421875,99058
2022-08-25 15:13:00-04:00,169.07000732421875,169.125,169.0321044921875,169.0460968017578,169.0460968017578,99385
2022-08-25 15:14:00-04:00,169.05999755859375,169.17999267578125,169.0449981689453,169.1649932861328,169.1649932861328,80913
2022-08-25 15:15:00-04:00,169.1699981689453,169.2100067138672,169.1300048828125,169.16000366210938,169.16000366210938,113466
2022-08-25 15:16:00-04:00,169.16000366210938,169.18499755859375,169.1199951171875,169.14999389648438,169.14999389648438,53876
2022-08-25 15:17:00-04:00,169.14199829101562,169.2100067138672,169.12989807128906,169.1999969482422,169.1999969482422,79241
2022-08-25 15:18:00-04:00,169.20379638671875,169.24000549316406,169.17999267578125,169.24000549316406,169.24000549316406,72613
2022-08-25 15:19:00-04:00,169.23890686035156,169.30999755859375,169.2100067138672,169.3074951171875,169.3074951171875,86986
2022-08-25 15:20:00-04:00,169.30299377441406,169.30999755859375,169.27000427246094,169.27999877929688,169.27999877929688,103455
2022-08-25 15:21:00-04:00,169.27000427246094,169.30499267578125,169.23500061035156,169.27499389648438,169.27499389648438,127250
2022-08-25 15:22:00-04:00,169.27499389648438,169.29989624023438,169.22999572753906,169.25,169.25,59283
2022-08-25 15:23:00-04:00,169.24000549316406,169.35000610351562,169.24000549316406,169.34890747070312,169.34890747070312,93847
2022-08-25 15:24:00-04:00,169.3408966064453,169.36000061035156,169.2899932861328,169.32659912109375,169.32659912109375,129545
2022-08-25 15:25:00-04:00,169.3249969482422,169.36000061035156,169.3000030517578,169.3101043701172,169.3101043701172,89115
2022-08-25 15:26:00-04:00,169.31500244140625,169.35499572753906,169.27000427246094,169.34500122070312,169.34500122070312,81927
2022-08-25 15:27:00-04:00,169.3498992919922,169.39999389648438,169.3300018310547,169.39999389648438,169.39999389648438,75543
2022-08-25 15:28:00-04:00,169.39500427246094,169.40989685058594,169.3699951171875,169.38499450683594,169.38499450683594,101452
2022-08-25 15:29:00-04:00,169.3800048828125,169.41990661621094,169.33999633789062,169.39999389648438,169.39999389648438,127195
2022-08-25 15:30:00-04:00,169.39999389648438,169.4199981689453,169.3300018310547,169.3300018310547,169.3300018310547,127583
2022-08-25 15:31:00-04:00,169.3350067138672,169.33999633789062,169.19000244140625,169.2375030517578,169.2375030517578,158851
2022-08-25 15:32:00-04:00,169.22999572753906,169.25999450683594,169.19500732421875,169.2050018310547,169.2050018310547,87837
2022-08-25 15:33:00-04:00,169.2050018310547,169.27000427246094,169.1999969482422,169.26499938964844,169.26499938964844,110295
2022-08-25 15:34:00-04:00,169.25999450683594,169.30999755859375,169.1999969482422,169.3072052001953,169.3072052001953,135233
2022-08-25 15:35:00-04:00,169.30999755859375,169.32989501953125,169.27999877929688,169.31500244140625,169.31500244140625,102854
2022-08-25 15:36:00-04:00,169.31500244140625,169.31500244140625,169.25,169.2550048828125,169.2550048828125,73931
2022-08-25 15:37:00-04:00,169.25999450683594,169.3800048828125,169.252197265625,169.375,169.375,132429
2022-08-25 15:38:00-04:00,169.37879943847656,169.37879943847656,169.2899932861328,169.32000732421875,169.32000732421875,71403
2022-08-25 15:39:00-04:00,169.3300018310547,169.38999938964844,169.3300018310547,169.38839721679688,169.38839721679688,270349
2022-08-25 15:40:00-04:00,169.38499450683594,169.4600067138672,169.3800048828125,169.4550018310547,169.4550018310547,136882
2022-08-25 15:41:00-04:00,169.4600067138672,169.47999572753906,169.44000244140625,169.44500732421875,169.44500732421875,115336
2022-08-25 15:42:00-04:00,169.4499969482422,169.63999938964844,169.4499969482422,169.6300048828125,169.6300048828125,317126
2022-08-25 15:43:00-04:00,169.6300048828125,169.6999969482422,169.61000061035156,169.63999938964844,169.63999938964844,246207
2022-08-25 15:44:00-04:00,169.63999938964844,169.72000122070312,169.6199951171875,169.6999969482422,169.6999969482422,256135
2022-08-25 15:45:00-04:00,169.69500732421875,169.72000122070312,169.64999389648438,169.6999969482422,169.6999969482422,186565
2022-08-25 15:46:00-04:00,169.6999969482422,169.8800048828125,169.69000244140625,169.85989379882812,169.85989379882812,241920
2022-08-25 15:47:00-04:00,169.85000610351562,169.9199981689453,169.77499389648438,169.91000366210938,169.91000366210938,253035
2022-08-25 15:48:00-04:00,169.90809631347656,169.90809631347656,169.72999572753906,169.75999450683594,169.75999450683594,170412
2022-08-25 15:49:00-04:00,169.75,169.7899932861328,169.7100067138672,169.71400451660156,169.71400451660156,132317
2022-08-25 15:50:00-04:00,169.7100067138672,169.7899932861328,169.66000366210938,169.6999969482422,169.6999969482422,260955
2022-08-25 15:51:00-04:00,169.69000244140625,169.75999450683594,169.63999938964844,169.66000366210938,169.66000366210938,180612
2022-08-25 15:52:00-04:00,169.66110229492188,169.6999969482422,169.625,169.67999267578125,169.67999267578125,164319
2022-08-25 15:53:00-04:00,169.67999267578125,169.83990478515625,169.66000366210938,169.83990478515625,169.83990478515625,235790
2022-08-25 15:54:00-04:00,169.8300018310547,169.9600067138672,169.7550048828125,169.77999877929688,169.77999877929688,398752
2022-08-25 15:55:00-04:00,169.77000427246094,169.77999877929688,169.6999969482422,169.74000549316406,169.74000549316406,289156
2022-08-25 15:56:00-04:00,169.74000549316406,169.83999633789062,169.72000122070312,169.83120727539062,169.83120727539062,315865
2022-08-25 15:57:00-04:00,169.8350067138672,169.97000122070312,169.82000732421875,169.9600067138672,169.9600067138672,404713
2022-08-25 15:58:00-04:00,169.9600067138672,169.97000122070312,169.8697967529297,169.9398956298828,169.9398956298828,356252
2022-08-25 15:59:00-04:00,169.93499755859375,170.13999938964844,169.92999267578125,170.1300048828125,170.1300048828125,1148916
2022-08-25 16:00:00-04:00,170.07,170.0888,169.95,170.06,170.06,4913146
2022-08-25 16:01:00-04:00,170.05,170.155,170.03,170.11,170.11,0
2022-08-25 16:02:00-04:00,170.1,170.15,170.08,170.15,170.15,0
2022-08-25 16:03:00-04:00,170.14,170.19,170.1,170.1,170.1,0
2022-08-25 16:04:00-04:00,170.1,170.1356,170.06,170.08,170.08,0
2022-08-25 16:05:00-04:00,170.07,170.1,170.06,170.0799,170.0799,0
2022-08-25 16:06:00-04:00,170.06,170.1,170.06,170.09,170.09,0
2022-08-25 16:07:00-04:00,170.07,170.09,170.04,170.09,170.09,0
2022-08-25 16:08:00-04:00,170.08,170.09,170.0388,170.04,170.04,0
2022-08-25 16:09:00-04:00,170.04,170.06,170.03,170.05,170.05,0
2022-08-25 16:10:00-04:00,170.05,170.05,170.0,170.03,170.03,0
2022-08-25 16:11:00-04:00,170.03,170.03,170.0,170.015,170.015,0
2022-08-25 16:12:00-04:00,170.0,170.09,169.98,170.08,170.08,0
2022-08-25 16:13:00-04:00,170.09,170.09,169.99,170.0,170.0,0
2022-08-25 16:14:00-04:00,170.03,170.04,169.98,169.99,169.99,0
2022-08-25 16:15:00-04:00,170.005,170.05,169.99,170.025,170.025,0
2022-08-25 16:16:00-04:00,170.03,170.04,169.99,170.04,170.04,0
2022-08-25 16:17:00-04:00,170.015,170.04,169.98,170.04,170.04,0
2022-08-25 16:18:00-04:00,170.0,170.04,170.0,170.03,170.03,0
2022-08-25 16:19:00-04:00,170.0388,170.05,170.02,170.04,170.04,0
2022-08-25 16:20:00-04:00,170.04,170.05,170.04,170.045,170.045,0
2022-08-25 16:21:00-04:00,170.04,170.05,170.02,170.02,170.02,0
2022-08-25 16:22:00-04:00,170.02,170.04,170.02,170.02,170.02,0
2022-08-25 16:23:00-04:00,170.02,170.02,169.995,170.01,170.01,0
2022-08-25 16:24:00-04:00,170.015,170.02,170.01,170.01,170.01,0
2022-08-25 16:25:00-04:00,170.02,170.02,169.99,170.005,170.005,0
2022-08-25 16:26:00-04:00,170.0,170.03,170.0,170.01,170.01,0
2022-08-25 16:27:00-04:00,170.02,170.02,170.0,170.02,170.02,0
2022-08-25 16:28:00-04:00,170.01,170.04,170.01,170.02,170.02,0
2022-08-25 16:29:00-04:00,170.03,170.04,170.02,170.03,170.03,0
2022-08-25 16:30:00-04:00,170.04,170.07,170.04,170.06,170.06,0
2022-08-25 16:31:00-04:00,170.06,170.074,170.03,170.05,170.05,0
2022-08-25 16:32:00-04:00,170.05,170.07,170.03,170.05,170.05,0
2022-08-25 16:33:00-04:00,170.0688,170.07,170.03,170.06,170.06,0
2022-08-25 16:34:00-04:00,170.055,170.055,170.03,170.04,170.04,0
2022-08-25 16:35:00-04:00,170.03,170.07,170.03,170.07,170.07,0
2022-08-25 16:36:00-04:00,170.03,170.08,170.03,170.075,170.075,0
2022-08-25 16:37:00-04:00,170.08,170.08,170.07,170.07,170.07,0
2022-08-25 16:38:00-04:00,170.08,170.09,170.07,170.0888,170.0888,0
2022-08-25 16:39:00-04:00,170.09,170.09,170.07,170.07,170.07,0
2022-08-25 16:40:00-04:00,170.08,170.08,170.03,170.075,170.075,0
2022-08-25 16:41:00-04:00,170.0712,170.08,170.07,170.075,170.075,0
2022-08-25 16:42:00-04:00,170.07,170.08,170.07,170.075,170.075,0
2022-08-25 16:43:00-04:00,170.0788,170.08,170.07,170.08,170.08,0
2022-08-25 16:44:00-04:00,170.08,170.08,170.07,170.0788,170.0788,0
2022-08-25 16:45:00-04:00,170.075,170.08,170.07,170.0712,170.0712,0
2022-08-25 16:46:00-04:00,170.07,170.08,170.07,170.08,170.08,0
2022-08-25 16:47:00-04:00,170.07,170.08,170.02,170.02,170.02,0
2022-08-25 16:49:00-04:00,170.05,170.05,170.04,170.04,170.04,0
2022-08-25 16:50:00-04:00,170.03,170.05,170.0,170.0299,170.0299,0
2022-08-25 16:51:00-04:00,170.0,170.03,170.0,170.015,170.015,0
2022-08-25 16:52:00-04:00,170.01,170.03,170.01,170.02,170.02,0
2022-08-25 16:53:00-04:00,170.02,170.02,170.01,170.02,170.02,0
2022-08-25 16:54:00-04:00,170.01,170.02,170.01,170.0188,170.0188,0
2022-08-25 16:56:00-04:00,170.01,170.02,170.01,170.01,170.01,0
2022-08-25 16:57:00-04:00,170.03,170.03,170.01,170.03,170.03,0
2022-08-25 16:58:00-04:00,170.02,170.03,170.0,170.02,170.02,0
2022-08-25 16:59:00-04:00,170.0144,170.03,170.01,170.02,170.02,0
2022-08-25 17:00:00-04:00,170.01,170.03,170.01,170.01,170.01,0
2022-08-25 17:01:00-04:00,170.02,170.03,149.385,170.0,170.0,0
2022-08-25 17:02:00-04:00,170.0,170.01,170.0,170.0,170.0,0
2022-08-25 17:03:00-04:00,170.0,170.01,170.0,170.005,170.005,0
2022-08-25 17:04:00-04:00,170.0,170.01,169.98,170.0,170.0,0
2022-08-25 17:05:00-04:00,170.0,170.0,169.98,169.98,169.98,0
2022-08-25 17:06:00-04:00,169.98,170.0,169.98,170.0,170.0,0
2022-08-25 17:07:00-04:00,170.0,170.0,169.99,170.0,170.0,0
2022-08-25 17:08:00-04:00,169.995,170.0,169.99,169.995,169.995,0
2022-08-25 17:09:00-04:00,169.9988,170.0,169.98,170.0,170.0,0
2022-08-25 17:10:00-04:00,170.0,170.0,169.99,169.995,169.995,0
2022-08-25 17:11:00-04:00,169.99,170.0,169.99,170.0,170.0,0
2022-08-25 17:15:00-04:00,170.0,170.02,169.99,170.0,170.0,0
2022-08-25 17:17:00-04:00,170.01,170.05,170.01,170.03,170.03,0
2022-08-25 17:18:00-04:00,170.03,170.05,170.01,170.01,170.01,0
2022-08-25 17:19:00-04:00,170.01,170.04,170.01,170.01,170.01,0
2022-08-25 17:20:00-04:00,170.0,170.03,170.0,170.03,170.03,0
2022-08-25 17:21:00-04:00,170.01,170.03,170.0,170.015,170.015,0
2022-08-25 17:22:00-04:00,170.0,170.02,169.99,170.01,170.01,0
2022-08-25 17:23:00-04:00,170.02,170.05,170.0,170.045,170.045,0
2022-08-25 17:24:00-04:00,170.04,170.09,170.0,170.09,170.09,0
2022-08-25 17:25:00-04:00,170.03,170.04,170.0,170.0,170.0,0
2022-08-25 17:26:00-04:00,170.02,170.02,169.99,169.99,169.99,0
2022-08-25 17:27:00-04:00,169.98,170.02,169.98,169.99,169.99,0
2022-08-25 17:28:00-04:00,170.0,170.03,169.99,170.0,170.0,0
2022-08-25 17:29:00-04:00,170.01,170.03,169.99,170.02,170.02,0
2022-08-25 17:30:00-04:00,169.99,170.03,169.99,170.0,170.0,0
2022-08-25 17:31:00-04:00,170.015,170.09,170.01,170.09,170.09,0
2022-08-25 17:32:00-04:00,170.06,170.09,170.03,170.08,170.08,0
2022-08-25 17:33:00-04:00,170.05,170.09,170.03,170.04,170.04,0
2022-08-25 17:34:00-04:00,170.065,170.08,170.04,170.04,170.04,0
2022-08-25 17:35:00-04:00,170.04,170.08,170.04,170.055,170.055,0
2022-08-25 17:36:00-04:00,170.055,170.06,170.04,170.06,170.06,0
2022-08-25 17:37:00-04:00,170.06,170.08,170.04,170.08,170.08,0
2022-08-25 17:38:00-04:00,170.08,170.08,170.05,170.07,170.07,0
2022-08-25 17:39:00-04:00,170.065,170.08,170.04,170.06,170.06,0
2022-08-25 17:40:00-04:00,170.06,170.08,170.0557,170.0557,170.0557,0
2022-08-25 17:41:00-04:00,170.05,170.07,170.04,170.04,170.04,0
2022-08-25 17:42:00-04:00,170.08,170.08,170.04,170.06,170.06,0
2022-08-25 17:43:00-04:00,170.05,170.0799,170.05,170.06,170.06,0
2022-08-25 17:44:00-04:00,170.04,170.06,170.04,170.06,170.06,0
2022-08-25 17:45:00-04:00,170.06,170.06,170.04,170.04,170.04,0
2022-08-25 17:46:00-04:00,170.06,170.08,170.04,170.05,170.05,0
2022-08-25 17:47:00-04:00,170.06,170.08,170.04,170.04,170.04,0
2022-08-25 17:48:00-04:00,170.05,170.08,170.04,170.07,170.07,0
2022-08-25 17:50:00-04:00,170.06,170.13,170.06,170.11,170.11,0
2022-08-25 17:51:00-04:00,170.11,170.11,170.04,170.06,170.06,0
2022-08-25 17:52:00-04:00,170.08,170.08,170.04,170.08,170.08,0
2022-08-25 17:53:00-04:00,170.08,170.11,170.08,170.08,170.08,0
2022-08-25 17:54:00-04:00,170.075,170.11,170.075,170.08,170.08,0
2022-08-25 17:56:00-04:00,170.08,170.11,170.06,170.085,170.085,0
2022-08-25 17:57:00-04:00,170.085,170.1,170.085,170.085,170.085,0
2022-08-25 17:58:00-04:00,170.11,170.11,170.085,170.095,170.095,0
2022-08-25 17:59:00-04:00,170.0917,170.1,170.09,170.095,170.095,0
2022-08-25 18:00:00-04:00,170.09,170.105,170.09,170.1,170.1,0
2022-08-25 18:01:00-04:00,170.09,170.11,170.09,170.11,170.11,0
2022-08-25 18:02:00-04:00,170.1,170.1,170.05,170.08,170.08,0
2022-08-25 18:03:00-04:00,170.065,170.08,170.05,170.07,170.07,0
2022-08-25 18:04:00-04:00,170.07,170.07,170.06,170.06,170.06,0
2022-08-25 18:05:00-04:00,170.07,170.07,170.06,170.07,170.07,0
2022-08-25 18:06:00-04:00,170.06,170.08,170.06,170.08,170.08,0
2022-08-25 18:07:00-04:00,170.08,170.09,170.08,170.08,170.08,0
2022-08-25 18:08:00-04:00,170.085,170.12,170.08,170.12,170.12,0
2022-08-25 18:09:00-04:00,170.095,170.12,170.07,170.095,170.095,0
2022-08-25 18:10:00-04:00,170.09,170.12,170.09,170.095,170.095,0
2022-08-25 18:11:00-04:00,170.09,170.12,170.09,170.12,170.12,0
2022-08-25 18:12:00-04:00,170.1,170.1,170.07,170.07,170.07,0
2022-08-25 18:13:00-04:00,170.08,170.1,170.07,170.07,170.07,0
2022-08-25 18:14:00-04:00,170.1,170.12,170.07,170.08,170.08,0
2022-08-25 18:15:00-04:00,170.1,170.13,170.08,170.1,170.1,0
2022-08-25 18:16:00-04:00,170.12,170.12,170.08,170.09,170.09,0
2022-08-25 18:17:00-04:00,170.1,170.12,170.08,170.08,170.08,0
2022-08-25 18:18:00-04:00,170.1,170.12,170.08,170.1,170.1,0
2022-08-25 18:19:00-04:00,170.08,170.08,170.065,170.07,170.07,0
2022-08-25 18:20:00-04:00,170.065,170.08,170.065,170.075,170.075,0
2022-08-25 18:21:00-04:00,170.065,170.08,170.065,170.08,170.08,0
2022-08-25 18:22:00-04:00,170.065,170.08,170.05,170.08,170.08,0
2022-08-25 18:23:00-04:00,170.08,170.1,170.05,170.08,170.08,0
2022-08-25 18:24:00-04:00,170.06,170.1,170.03,170.03,170.03,0
2022-08-25 18:25:00-04:00,170.0,170.07,170.0,170.07,170.07,0
2022-08-25 18:26:00-04:00,170.02,170.08,170.02,170.08,170.08,0
2022-08-25 18:28:00-04:00,170.04,170.06,170.04,170.05,170.05,0
2022-08-25 18:29:00-04:00,170.06,170.06,170.0,170.01,170.01,0
2022-08-25 18:30:00-04:00,170.01,170.04,170.0,170.04,170.04,0
2022-08-25 18:31:00-04:00,170.02,170.04,169.98,169.98,169.98,0
2022-08-25 18:32:00-04:00,169.97,170.08,169.97,170.06,170.06,0
2022-08-25 18:33:00-04:00,170.08,170.08,170.04,170.04,170.04,0
2022-08-25 18:34:00-04:00,170.04,170.08,170.04,170.06,170.06,0
2022-08-25 18:35:00-04:00,170.08,170.09,170.05,170.05,170.05,0
2022-08-25 18:36:00-04:00,170.05,170.1,170.05,170.075,170.075,0
2022-08-25 18:37:00-04:00,170.09,170.1,170.05,170.05,170.05,0
2022-08-25 18:38:00-04:00,170.1,170.11,170.08,170.08,170.08,0
2022-08-25 18:39:00-04:00,170.06,170.11,170.05,170.08,170.08,0
2022-08-25 18:40:00-04:00,170.1,170.1,170.06,170.08,170.08,0
2022-08-25 18:42:00-04:00,170.06,170.08,170.05,170.06,170.06,0
2022-08-25 18:43:00-04:00,170.05,170.08,170.05,170.06,170.06,0
2022-08-25 18:45:00-04:00,170.04,170.1,170.04,170.08,170.08,0
2022-08-25 18:46:00-04:00,170.08,170.11,170.06,170.11,170.11,0
2022-08-25 18:47:00-04:00,170.11,170.12,170.05,170.05,170.05,0
2022-08-25 18:48:00-04:00,170.1,170.1,170.02,170.065,170.065,0
2022-08-25 18:49:00-04:00,170.065,170.065,170.04,170.065,170.065,0
2022-08-25 18:50:00-04:00,170.04,170.05,170.04,170.05,170.05,0
2022-08-25 18:51:00-04:00,170.05,170.09,170.05,170.085,170.085,0
2022-08-25 18:52:00-04:00,170.09,170.1,170.07,170.1,170.1,0
2022-08-25 18:53:00-04:00,170.09,170.1,170.07,170.07,170.07,0
2022-08-25 18:54:00-04:00,170.085,170.11,170.07,170.11,170.11,0
2022-08-25 18:55:00-04:00,170.09,170.11,170.07,170.09,170.09,0
2022-08-25 18:56:00-04:00,170.1,170.11,170.07,170.07,170.07,0
2022-08-25 18:57:00-04:00,170.11,170.11,170.085,170.1,170.1,0
2022-08-25 18:59:00-04:00,170.07,170.1,170.07,170.09,170.09,0
2022-08-25 19:00:00-04:00,170.09,170.13,170.09,170.1,170.1,0
2022-08-25 19:01:00-04:00,170.13,170.13,170.09,170.13,170.13,0
2022-08-25 19:02:00-04:00,170.105,170.105,170.09,170.105,170.105,0
2022-08-25 19:05:00-04:00,170.08,170.1,170.07,170.085,170.085,0
2022-08-25 19:06:00-04:00,170.085,170.12,170.08,170.105,170.105,0
2022-08-25 19:07:00-04:00,170.12,170.13,170.09,170.1,170.1,0
2022-08-25 19:08:00-04:00,170.13,170.13,170.09,170.12,170.12,0
2022-08-25 19:09:00-04:00,170.1,170.14,170.1,170.14,170.14,0
2022-08-25 19:10:00-04:00,170.11,170.14,170.1,170.12,170.12,0
2022-08-25 19:11:00-04:00,170.12,170.14,170.1,170.1,170.1,0
2022-08-25 19:12:00-04:00,170.12,170.14,170.1,170.11,170.11,0
2022-08-25 19:13:00-04:00,170.14,170.14,170.11,170.12,170.12,0
2022-08-25 19:14:00-04:00,170.115,170.12,170.115,170.115,170.115,0
2022-08-25 19:15:00-04:00,170.12,170.12,170.1,170.1,170.1,0
2022-08-25 19:16:00-04:00,170.1,170.13,170.09,170.105,170.105,0
2022-08-25 19:17:00-04:00,170.08,170.12,170.07,170.08,170.08,0
2022-08-25 19:18:00-04:00,170.09,170.12,170.09,170.11,170.11,0
2022-08-25 19:19:00-04:00,170.11,170.14,170.11,170.14,170.14,0
2022-08-25 19:20:00-04:00,170.13,170.15,170.13,170.145,170.145,0
2022-08-25 19:21:00-04:00,170.145,170.16,170.14,170.145,170.145,0
2022-08-25 19:22:00-04:00,170.145,170.17,170.145,170.17,170.17,0
2022-08-25 19:23:00-04:00,170.17,170.2,170.17,170.2,170.2,0
2022-08-25 19:24:00-04:00,170.2,170.225,170.2,170.2,170.2,0
2022-08-25 19:25:00-04:00,170.2,170.25,170.2,170.23,170.23,0
2022-08-25 19:26:00-04:00,170.23,170.25,170.21,170.25,170.25,0
2022-08-25 19:27:00-04:00,170.21,170.25,170.21,170.21,170.21,0
2022-08-25 19:28:00-04:00,170.22,170.34,170.21,170.32,170.32,0
2022-08-25 19:29:00-04:00,170.3,170.35,170.28,170.3,170.3,0
2022-08-25 19:30:00-04:00,170.34,170.34,170.24,170.3,170.3,0
2022-08-25 19:31:00-04:00,170.32,170.34,170.3,170.32,170.32,0
2022-08-25 19:32:00-04:00,170.34,170.34,170.29,170.33,170.33,0
2022-08-25 19:33:00-04:00,170.32,170.32,170.29,170.315,170.315,0
2022-08-25 19:34:00-04:00,170.315,170.335,170.3,170.335,170.335,0
2022-08-25 19:35:00-04:00,170.34,170.34,170.32,170.32,170.32,0
2022-08-25 19:36:00-04:00,170.31,170.32,170.28,170.28,170.28,0
2022-08-25 19:37:00-04:00,170.3,170.32,170.26,170.32,170.32,0
2022-08-25 19:38:00-04:00,170.31,170.34,170.28,170.295,170.295,0
2022-08-25 19:39:00-04:00,170.33,170.33,170.26,170.26,170.26,0
2022-08-25 19:40:00-04:00,170.3,170.31,170.26,170.3,170.3,0
2022-08-25 19:41:00-04:00,170.285,170.31,170.23,170.25,170.25,0
2022-08-25 19:42:00-04:00,170.31,170.31,170.18,170.23,170.23,0
2022-08-25 19:43:00-04:00,170.25,170.29,170.24,170.25,170.25,0
2022-08-25 19:44:00-04:00,170.3,170.3,170.26,170.275,170.275,0
2022-08-25 19:45:00-04:00,170.29,170.29,170.28,170.28,170.28,0
2022-08-25 19:46:00-04:00,170.29,170.3,170.28,170.3,170.3,0
2022-08-25 19:47:00-04:00,170.3,170.35,170.28,170.28,170.28,0
2022-08-25 19:48:00-04:00,170.34,170.35,170.3,170.35,170.35,0
2022-08-25 19:49:00-04:00,170.33,170.36,170.3,170.34,170.34,0
2022-08-25 19:50:00-04:00,170.34,170.34,170.3,170.31,170.31,0
2022-08-25 19:51:00-04:00,170.32,170.34,170.265,170.265,170.265,0
2022-08-25 19:52:00-04:00,170.3,170.3,170.23,170.23,170.23,0
2022-08-25 19:53:00-04:00,170.25,170.3,170.25,170.28,170.28,0
2022-08-25 19:54:00-04:00,170.29,170.3,170.24,170.24,170.24,0
2022-08-25 19:55:00-04:00,170.265,170.27,170.23,170.25,170.25,0
2022-08-25 19:56:00-04:00,170.26,170.27,170.23,170.25,170.25,0
2022-08-25 19:57:00-04:00,170.23,170.27,170.23,170.27,170.27,0
2022-08-25 19:58:00-04:00,170.25,170.25,170.2,170.2,170.2,0
2022-08-25 19:59:00-04:00,170.21,170.225,170.19,170.2,170.2,0
